the	27254679626
of	15169029899
and	13137940642
to	11233779692
in	9016609615
that	4695977714
is	4373083688
for	4035543877
as	3176072588
it	3148727095
was	3084847511
with	3028907976
not	2897049746
on	2823633180
he	2456383326
be	2455867022
by	2249549005
this	2131039684
or	2130972972
you	2106603126
are	2036134944
at	1909129230
from	1896740343
his	1878610833
an	1558222394
have	1544719422
her	1480688296
but	1476947683
had	1440346739
she	1373661982
they	1338420064
we	1296139397
which	1175591357
were	1126590769
one	1117333170
all	1101181000
their	1079439461
can	1076587111
if	941932675
there	887976543
when	871802967
my	866572542
would	866021533
what	855593411
more	853645076
will	847567685
do	840627156
has	836237559
so	798827775
been	792238679
other	769795726
who	752117713
no	746723711
about	729219925
him	726989476
out	710769615
time	701744151
up	696560999
into	681508067
me	678809468
also	642638203
these	642585190
may	636443656
its	634445686
them	629868231
your	621551742
new	615599517
than	614567948
some	605932061
could	593454152
only	573031044
such	572813698
see	571071138
said	564131122
then	550642024
two	539160602
did	530025245
like	521132972
any	512142656
first	490495934
how	478148352
our	475306288
over	469635994
after	452916469
between	423204291
most	421573195
through	418838786
people	409787306
where	409608320
because	397215501
well	397136148
should	395815996
just	394992580
even	393822729
now	393285681
use	370298046
many	366375133
back	365997994
way	364524249
work	351675597
before	349317448
made	348372470
those	346043834
each	343547904
very	337793738
state	331179117
under	330683885
life	328720407
know	325630942
used	324112158
both	321513344
being	310973688
make	308138822
down	303950256
must	302280302
much	299645779
us	298618544
years	297651693
good	294522799
same	293555509
while	293397939
world	292482780
here	285682501
right	283722148
get	280181618
part	276441589
man	272392800
however	271129067
does	270028067
long	268541578
system	263322275
day	259274009
own	258795838
three	257369677
another	246560218
take	245094227
still	244674621
during	244498936
different	241175672
go	238468416
case	236418301
number	235010891
high	231402101
need	230682126
too	230610869
without	230055258
year	229270062
social	227820501
within	225575204
little	223081298
data	220242239
might	220060836
off	219144351
god	215955479
states	215459449
against	215026931
around	213491725
public	213410290
found	212823189
think	212781614
place	212638187
never	211819377
law	210961391
come	209664671
university	209254950
example	205250364
order	205054870
again	203929361
since	198365055
research	198117635
water	197776146
based	196818667
general	196735018
children	196384908
set	195990451
figure	193365112
section	192521481
chapter	192401054
want	191263986
women	190493702
great	190346793
hand	189960902
process	187778449
going	187653321
say	186339101
old	185873694
small	185552675
power	185275963
government	185192037
thought	184951203
every	184612907
shall	183983887
using	183594313
important	183071593
why	182044015
group	181536218
national	181375208
end	180836413
something	180791743
human	180791583
family	180786553
left	180678435
men	178153365
second	177558554
given	176707962
point	176167449
often	174847368
away	174748164
home	173364738
house	171079011
let	169817314
form	169755621
few	169657509
following	169575383
change	169531262
last	169424591
head	168453673
business	166020523
control	165796242
called	165481070
find	165435784
school	165257084
came	164739979
less	162895457
table	162201360
look	161128450
always	160545806
health	160263617
act	160261286
large	159591717
things	159353169
study	157827612
until	157529205
though	156881936
united	156660062
help	156019542
upon	155746452
court	155510650
level	154060977
eyes	153188408
body	152764570
once	152115544
service	151540769
person	150777054
face	150712068
political	148447161
war	148422158
next	148068549
press	148060700
although	147931304
later	147256872
value	147176482
asked	146816550
took	146801940
thus	146383508
fact	145938886
others	145312514
history	145245196
am	144933619
among	144931223
including	144513352
rather	143869101
put	143757203
early	143651768
give	142381959
book	141781890
name	141347028
best	141009625
whether	140154112
support	140145417
got	139987369
better	139251209
room	138839490
side	138792166
yet	138722074
services	138561930
area	138539160
went	137317965
several	136939874
possible	136769742
model	136329816
management	136019025
love	134933237
local	134527500
education	134495052
four	133766388
care	133711352
city	133452690
looked	132825655
means	132643856
times	132006164
company	131120465
course	130687045
analysis	130552225
days	130287635
making	130116763
himself	129073948
told	128735205
become	128469413
self	128360307
far	128317534
per	127702610
least	127151627
present	126711419
open	126646400
words	126447311
line	125757955
economic	125446949
having	124957712
seen	124597781
white	124465677
young	123345418
above	123331989
child	123162394
together	123143175
further	122992438
light	122366900
rights	122214013
father	121772022
nothing	121208914
policy	120998485
problem	120812289
known	120617980
mind	120554383
knew	120435390
question	119760389
available	119643986
period	119345614
provide	119013234
country	118832828
enough	118672159
action	118336604
really	117696561
common	117496114
community	117304553
students	117006443
type	116777817
tell	116752200
systems	116738671
interest	116429861
mother	116365781
either	116322296
along	116151402
low	116010905
results	115883570
free	115619771
black	115611779
real	115128210
studies	115115046
night	115100898
full	114773096
society	114626177
therefore	113562070
program	113304422
individual	112891425
total	112517283
taken	112201668
already	112061421
effect	112012050
rate	111782699
result	111301476
nature	111140707
ever	110975570
language	110806450
whole	110797957
able	110735828
done	110688719
office	110663777
woman	110012248
report	109963918
experience	109963702
five	109894587
particular	109883949
felt	109842739
energy	109584029
term	109436919
class	109322487
show	108799752
thing	108399071
knowledge	108394645
market	108077488
certain	107835374
age	107791698
almost	107708340
view	107061119
across	106961932
terms	106834101
evidence	106782536
death	106676322
air	106510897
saw	106462533
sense	106100346
members	105892225
party	105472376
role	105077719
specific	104925763
required	104829625
due	104696724
land	104526423
working	104181318
door	103168749
sure	103029740
include	102140268
keep	101923114
heart	101581620
past	101476525
food	101383246
wanted	100658429
century	100544363
approach	100503725
money	100286370
turned	100268057
field	100180277
cases	99684529
feel	99671776
risk	99477703
word	99475425
related	99427808
major	98814909
held	98489736
practice	98145110
south	97792986
call	97601740
matter	97543052
position	97512957
single	97204604
future	97042265
subject	97013275
mean	96686565
problems	96627224
function	96567042
project	96434299
half	96378288
learning	96307411
true	96244090
kind	96218307
current	96213671
theory	96210551
plan	96199932
short	95981444
began	95832466
percent	95805099
changes	95670091
treatment	95591060
according	94924047
conditions	94600659
anything	94529795
space	93997627
provided	93748123
groups	93745691
third	93715631
department	93618455
itself	93583176
similar	93456058
hands	93385739
review	92979368
became	92425869
security	92360852
behind	92230329
higher	92156660
special	91826507
various	91524658
especially	91268526
production	91249878
looking	91116090
hard	91064509
yes	91018332
clear	90939886
close	90580553
journal	90370380
design	90163772
cost	90016977
property	89769995
test	89485813
science	89381605
structure	89365553
note	89357866
areas	89357823
north	89182908
effects	89137189
method	89005171
moment	89001289
themselves	88958872
shown	88943305
financial	88866508
patients	88816317
perhaps	88732303
necessary	88661432
countries	88634050
issues	87994905
idea	87579915
church	87547176
federal	87508096
force	87138955
growth	86985453
voice	86978996
toward	86914151
natural	86621042
doing	86533186
read	85891372
needed	85720443
personal	85668271
reason	85587365
believe	85561631
considered	85346979
gave	85050930
says	84755204
front	84696606
account	84276768
increase	84098820
activities	83835484
art	83766411
main	83641575
building	83547199
amount	83399223
values	83296742
source	83134882
turn	83013592
story	82992887
quality	82929294
needs	82872246
trade	82740217
response	82645037
today	82610921
usually	82283896
key	82255466
decision	82224305
questions	82204443
private	82144234
understand	81835330
blood	81716895
outside	81499028
quite	81495031
big	81392530
central	81235388
taking	81085032
material	81077023
living	81048015
likely	80926721
seemed	80699411
culture	80693134
activity	80480476
center	80457421
top	80048717
paper	80045142
heard	79849538
king	79759439
finally	79702751
foreign	79605520
lord	79605507
everything	78735058
associated	78731523
sometimes	78666445
return	78577860
population	78381991
resources	78371012
technology	78057570
tax	78036453
range	77848044
potential	77763761
whose	77748095
ways	77741747
rule	77730970
late	77592813
cause	77448966
instead	77383108
lower	77331946
play	77331508
physical	76869567
president	76673737
issue	76665351
size	76590747
soon	76553900
income	76511987
someone	76440992
access	76008172
surface	75946591
strong	75638727
makes	75321131
date	75107364
rules	74970456
series	74673335
described	74598430
leave	74481859
probably	74390211
job	74344402
brought	74316620
red	74180071
cell	74062324
addition	74037157
ground	73969870
standard	73922687
training	73903080
west	73803988
live	73329252
effective	73114336
cultural	72803795
board	72727037
son	72718690
medical	72665511
hours	72587540
levels	72434630
six	72301868
near	72213319
basis	72208865
longer	72054688
attention	72002274
run	71815557
products	71785668
written	71621503
continued	71097382
ask	71051497
answer	70799747
below	70586243
increased	70389153
started	70380099
months	70364846
move	70360915
inside	70150117
start	69987626
greater	69668096
legal	69632272
site	69371397
simply	69200811
text	69158517
situation	68692994
disease	68649567
product	68615383
developed	68434964
else	68351954
member	68310840
capital	68266549
shows	68191079
difficult	68128376
bank	68084358
committee	68055577
commission	67982636
price	67942105
lost	67843457
generally	67837943
step	67746718
cells	67685425
military	67605937
middle	67598766
music	67543619
methods	67457105
patient	67419488
seems	67342033
fire	67282492
writing	67227483
lot	67209882
consider	67118375
factors	67103770
beyond	67099090
received	66933950
thinking	66910800
authority	66864248
street	66577259
actually	66478613
loss	66342560
involved	66241555
industry	66184373
morning	66106898
forms	66006723
talk	66002663
pay	65934914
page	65918067
books	65891395
works	65855858
rest	65807187
feet	65801866
indeed	65719823
alone	65688201
road	65655697
image	65561714
oh	65541413
limited	65468365
purpose	65388194
respect	65251730
modern	65230553
car	65120129
code	64924234
parents	64670396
friends	64618853
million	64593013
movement	64268380
final	64215120
coming	64189532
content	64165691
additional	64093087
trying	64065269
direct	63875164
minutes	63858876
sound	63744450
simple	63588003
list	63507214
east	63464477
college	63454475
reading	63331712
costs	63326901
nor	63293741
poor	63185991
provides	63076292
global	63071122
average	62998627
lead	62948590
pressure	62935162
impact	62851710
getting	62708321
region	62642236
complete	62612247
followed	62521980
create	62434383
try	62402232
points	62374672
towards	62374203
added	62068218
wife	62010516
types	61923886
town	61719515
complex	61620087
focus	61617329
context	61504833
earth	61442938
events	61421375
basic	61378623
bring	61193970
network	60945874
defined	60767167
behavior	60631774
positive	60616208
herself	60577660
union	60569342
news	60423130
deep	60405258
led	60314724
friend	60298896
species	60174573
meet	60078669
earlier	59830171
parts	59548899
river	59358404
programs	59302834
beginning	59286734
stop	59265412
influence	59197451
post	59159043
included	59135919
letter	59077215
whom	59014303
critical	58870003
difference	58767897
status	58727455
french	58720911
hear	58555617
hope	58554698
hold	58511870
remember	58495184
recent	58477931
maybe	58467589
myself	58462519
tried	58412875
reported	58400713
stage	58337017
media	58277277
pain	58238584
expected	58237671
dark	58186171
meaning	58133383
cross	58039461
box	57874067
truth	57870203
primary	57850602
published	57835739
agreement	57751723
religious	57721801
original	57703201
bad	57649746
article	57614234
meeting	57604139
share	57527047
team	57421370
except	57307088
staff	57219684
address	56837902
bed	56816473
normal	56789289
presence	56652245
clearly	56608772
workers	56527312
stood	56456110
computer	56451500
hair	56329745
object	56246522
march	56118781
sea	56102239
contact	56079082
follow	56009586
statement	55974020
oil	55821591
materials	55682749
ability	55667386
dead	55628427
gone	55577074
ten	55444705
police	55389157
civil	55245194
forward	55228520
everyone	55166761
green	55157103
applied	55118441
sent	55032114
expression	55018677
cut	54977967
lives	54948867
girl	54928457
agency	54869696
council	54854890
wall	54846502
week	54843583
created	54813734
solution	54792401
moved	54712675
directly	54707941
volume	54690959
sat	54633980
kept	54555274
met	54201716
processes	54152293
companies	54067276
lines	54014813
trust	53959391
relations	53954676
allow	53942838
elements	53908305
flow	53850572
protection	53809624
re	53796219
comes	53770337
wide	53683857
county	53575395
unit	53518124
discussion	53494461
seem	53461117
justice	53371036
quickly	53352201
twenty	53341914
condition	53312578
title	53192139
investment	53128788
degree	53045639
student	52928785
choice	52635788
western	52618044
record	52593039
arms	52333244
throughout	52294222
feeling	52261157
models	52219290
planning	52210137
historical	51983104
claim	51896661
notice	51858176
reference	51784909
proposed	51759174
reached	51745909
fall	51660750
rates	51659770
deal	51604307
presented	51447288
floor	51298526
bit	51149686
spirit	50976004
determined	50850449
fine	50839586
army	50804723
former	50798022
phase	50790737
mass	50784897
base	50384904
direction	50258162
distance	50195611
benefits	50108569
stay	49987992
despite	49959304
safety	49958345
features	49899718
cold	49899254
takes	49885742
assessment	49844084
scale	49835600
paid	49799660
length	49781805
entire	49726401
prior	49707173
phone	49651498
event	49627668
literature	49550263
parties	49548234
easy	49530594
mark	49499480
district	49419432
previous	49333296
wrong	49201611
ideas	49185498
exchange	49157161
continue	49121264
happened	49079486
forces	48946209
sources	48918571
ready	48874034
concept	48819413
offer	48815834
active	48802630
character	48782461
appear	48777960
add	48745339
standards	48710632
weight	48611007
labor	48598297
notes	48559375
director	48527213
fear	48517295
produced	48489501
memory	48404119
success	48305135
saying	48294945
author	48293715
library	48280812
actions	48256612
worked	48244010
determine	48190047
schools	48043529
passed	48039991
numbers	47989459
develop	47968713
observed	47952990
lack	47923105
failure	47920536
learn	47884735
game	47880055
employees	47862709
anyone	47729264
laws	47685644
drug	47649496
mouth	47615067
includes	47603306
economy	47588641
hour	47577117
blue	47570098
contract	47519527
placed	47494089
identity	47219984
speak	47201721
negative	47130682
bill	47021729
multiple	46993474
eye	46802648
file	46791067
factor	46783242
film	46725843
obtained	46668671
initial	46597259
functions	46499128
politics	46471356
allowed	46427457
require	46403388
importance	46351535
boy	46337402
internal	46290571
operation	46283647
compared	46243885
born	46132749
write	46114043
task	46065929
measures	46058684
persons	46046500
employment	46044414
sir	46035554
walked	45806618
gas	45783078
operations	45747485
ago	45740972
credit	45706863
properties	45704396
annual	45648583
opened	45640460
giving	45635480
decided	45630474
peace	45624654
equipment	45512715
heat	45494150
plant	45490106
strategy	45469163
sun	45417884
brother	45399882
discussed	45398695
secretary	45389565
equal	45272924
capacity	45150983
clinical	45041339
larger	45000146
practices	44949819
wrote	44944042
please	44927605
faith	44882354
carried	44881770
search	44851526
closed	44826947
becomes	44756318
daily	44740073
window	44698017
otherwise	44649577
sample	44542315
stand	44532718
standing	44501870
brown	44471692
skin	44462432
changed	44425854
extent	44287660
reasons	44255448
built	44135985
stock	44084927
apply	44063875
produce	44058598
seven	44011935
moving	43991769
skills	43948253
highly	43855202
certainly	43841230
brain	43802511
chief	43794588
nation	43746160
round	43693407
appears	43606563
strength	43539716
running	43518849
manner	43468353
trial	43370549
die	43338136
follows	43289633
examples	43112532
reports	42989028
whatever	42970962
supply	42947575
cover	42922229
transfer	42909572
insurance	42877213
collection	42863094
measure	42792109
unless	42785458
weeks	42732336
nearly	42718160
requires	42690876
noted	42651687
steps	42649802
died	42631413
purposes	42629632
sex	42544863
exercise	42526538
places	42406989
park	42326010
returned	42303367
teaching	42231610
freedom	42194274
families	42153768
husband	42068508
institute	42060066
sales	41982010
instance	41976036
month	41972818
efforts	41964234
existing	41918662
hospital	41870101
benefit	41853522
hundred	41789941
useful	41744635
yourself	41731018
neither	41695929
gives	41674328
easily	41670219
claims	41636164
balance	41598909
meant	41579329
demand	41565835
mental	41529802
interests	41528238
mail	41527246
serious	41522100
officer	41457685
female	41395689
reality	41327375
stress	41326898
principles	41283630
style	41238332
popular	41176897
remain	41172026
leading	41165902
tree	41153972
division	41141878
check	41102415
identified	41089372
occur	41040850
actual	41038715
none	41035604
explain	41011551
showed	40986142
caused	40985128
regional	40980890
teachers	40971690
covered	40950299
policies	40910174
designed	40883555
sexual	40806600
ones	40801031
arm	40776935
fully	40772598
goods	40765243
increasing	40758047
index	40753328
growing	40678419
definition	40676465
technical	40673257
appeared	40630551
moral	40630058
begin	40574422
motion	40552478
relation	40527410
relative	40513992
master	40480657
sector	40466830
offered	40446695
relevant	40424402
developing	40424363
talking	40404289
happy	40249732
setting	40122987
remains	40029705
cancer	40021957
color	39972725
rise	39958612
raised	39957482
effort	39863448
location	39857366
commercial	39852640
sort	39849033
plans	39676659
thank	39650950
separate	39643664
charge	39579767
hot	39547682
records	39529843
picture	39512352
male	39453416
pulled	39381678
completely	39380925
urban	39309157
avoid	39283355
teacher	39277399
lived	39274994
chance	39266988
domestic	39222575
uses	39186140
structures	39172237
procedure	39139097
successful	39120485
conflict	39119340
glass	39061149
decisions	39059988
reduced	39034527
religion	39020826
walk	39017296
ensure	38845478
sleep	38837827
variety	38802891
path	38776592
holding	38772587
contrast	38767881
conference	38762618
eight	38729274
industrial	38692527
evaluation	38692033
serve	38640791
reach	38611548
hall	38552206
scientific	38500444
firm	38461177
projects	38230797
older	38220691
pattern	38199302
concerned	38162628
stopped	38106646
island	38101258
principle	38101221
onto	38061970
sign	38047681
visit	38006718
images	37965038
funds	37953799
bar	37914031
aspects	37893359
suddenly	37888844
receive	37883183
overall	37868719
suggested	37837784
message	37835913
learned	37823908
daughter	37785797
essential	37753545
drive	37627157
units	37563454
regarding	37529289
beautiful	37520035
user	37492159
smile	37489406
procedures	37474690
exactly	37436425
identify	37431974
relatively	37412202
summer	37399476
frequency	37371597
reduce	37363683
miles	37307509
speech	37290215
marriage	37194225
opinion	37164029
upper	37161432
desire	37111802
race	37111527
providing	37100857
survey	37083299
existence	37031188
objects	36932907
request	36863426
nations	36810267
connection	36787043
violence	36786964
techniques	36759712
constant	36755230
spent	36743580
fund	36737370
attempt	36697067
foundation	36694702
therapy	36680537
prepared	36655770
fast	36640244
heavy	36631837
argument	36579714
names	36573908
fell	36538611
pass	36509577
target	36508147
components	36413266
waiting	36406289
assistance	36393245
progress	36390084
fixed	36375037
electronic	36333764
miss	36299233
speed	36293577
goes	36293414
remained	36275802
mentioned	36252982
lay	36238998
cent	36219122
leaders	36177156
animals	36052326
latter	36041209
couple	35988855
lady	35987848
letters	35961060
rose	35826513
wish	35767381
external	35705184
girls	35689948
fish	35686259
net	35648607
smith	35641549
goal	35603839
leaving	35590651
baby	35584014
performed	35502055
forest	35495949
official	35484637
majority	35477051
shape	35466226
ran	35409672
stories	35392104
software	35384210
selected	35376897
slowly	35316344
judge	35277660
details	35276508
strategies	35273420
finding	35272899
version	35262188
sites	35242143
hearing	35208521
reaction	35181896
acts	35164914
choose	35125703
agreed	35096108
animal	35085122
gold	35078722
fair	35030022
employee	35019769
agent	35009836
edge	34971490
attack	34958908
concern	34931682
provisions	34923578
safe	34897924
element	34895746
formed	34884772
gender	34878292
wait	34806662
married	34803944
paragraph	34801160
client	34769952
doubt	34744865
formation	34696147
filled	34663163
southern	34629075
joint	34595696
recently	34582092
generation	34510472
van	34481128
double	34454967
soul	34434147
understood	34428678
output	34359846
crime	34328658
treated	34308767
sister	34294174
maximum	34265519
station	34214835
criminal	34213765
trees	34201572
evening	34190039
improve	34155068
patterns	34154653
items	34050480
break	34010936
served	34009633
wind	33986990
resistance	33984408
leadership	33923759
aware	33896057
looks	33893281
suggest	33879336
conduct	33837100
piece	33830173
chair	33761463
equation	33743746
watch	33659335
correct	33655056
vision	33646535
located	33622658
operating	33573484
command	33559282
believed	33511444
perfect	33485062
sitting	33476569
powerful	33460574
judgment	33418981
stone	33380858
bottom	33351112
via	33345621
framework	33343772
rich	33313028
processing	33293824
defense	33258220
chemical	33212827
guide	33168388
acid	33165106
prevent	33151381
soil	33079926
enter	33048597
build	32985623
duty	32964776
regulation	32961616
testing	32941800
reduction	32936959
shared	32931596
explained	32924557
plants	32880989
thoughts	32873580
proper	32823991
entered	32794627
introduced	32781934
worth	32767968
accepted	32695631
regard	32672030
carry	32630606
allows	32629536
foot	32629404
pretty	32540548
tools	32540245
protein	32531647
bible	32524150
minister	32517532
expressed	32498855
error	32494052
contains	32422821
challenge	32394174
officers	32379397
played	32303890
suggests	32268137
travel	32255559
causes	32200589
references	32174147
referred	32156092
gain	32111568
spoke	32098817
intended	32080091
release	32079112
straight	32057416
arrived	32032598
assets	32020819
changing	32008182
thousand	31999704
describe	31982534
affect	31954108
caught	31951052
medicine	31898463
ancient	31893797
breath	31846885
whereas	31837352
core	31831087
executive	31830775
selection	31792701
philosophy	31789195
academic	31784422
career	31718929
maintain	31718076
payment	31700384
village	31698936
doctor	31681228
hence	31673866
goals	31669272
smiled	31641840
signal	31612862
sufficient	31602824
tests	31586581
seeing	31544377
rock	31543933
scene	31511079
figures	31497220
killed	31479082
variable	31472245
exist	31410828
hill	31400621
matters	31374536
northern	31339664
background	31322219
happen	31298929
eventually	31268894
ratio	31258724
occurs	31224991
summary	31221738
speaking	31217634
minimum	31213022
hit	31178608
document	31175179
stated	31172898
square	31167342
aid	31105315
machine	31089426
cash	31076406
bodies	31069179
accounts	31063184
metal	30950550
smaller	30921131
budget	30919400
regular	30916904
practical	30908586
increases	30903115
spring	30859429
spread	30840482
moreover	30814905
damage	30796147
soft	30783333
comparison	30772380
boys	30761377
creating	30730902
opening	30714992
papers	30683042
birth	30675129
affairs	30631603
knows	30622695
creation	30598185
affected	30592884
protect	30589952
component	30578305
approaches	30565189
battle	30563865
prices	30561248
failed	30558382
represent	30491242
fields	30472993
eat	30434113
resolution	30392813
views	30371750
named	30336644
manager	30321576
fight	30284190
send	30283624
corporate	30254492
establish	30247286
shot	30240556
save	30228098
map	30212979
accept	30135506
wood	30130697
slightly	30115978
advantage	30100432
layer	30085009
obtain	30024128
markets	30015691
mission	30004175
previously	29989318
starting	29959462
grant	29938033
loved	29885280
ship	29878526
frequently	29867574
block	29855124
fit	29823671
medium	29801901
forth	29800059
concerns	29778904
transport	29743489
reform	29723110
lake	29712940
helped	29675485
tradition	29656374
mine	29650714
facilities	29607265
store	29603237
housing	29602720
holy	29600999
interested	29597634
variables	29595952
secondary	29594065
documents	29590461
agents	29577024
native	29524173
achieve	29523671
concerning	29500879
rural	29472222
leader	29449863
forced	29434699
sit	29391287
formal	29387842
principal	29369949
replied	29358681
crisis	29352903
parallel	29311573
sorry	29278366
reasonable	29256723
powers	29247697
resulting	29221101
unique	29176950
leaves	29149299
thirty	29143234
resource	29133677
expect	29021206
typically	29005152
dry	28995730
supported	28984780
limit	28965847
classes	28930728
playing	28930279
facts	28927372
merely	28924035
touch	28923638
measured	28908299
knowing	28766628
conclusion	28718212
advanced	28716933
drugs	28636678
spiritual	28630739
recognized	28586691
youth	28551975
appeal	28526427
nuclear	28513321
buy	28446274
options	28442598
feature	28422385
regions	28412160
calls	28409018
adopted	28402640
lips	28386970
copyright	28367422
cities	28365655
kingdom	28360874
concepts	28315239
authors	28292059
radio	28283455
adult	28282668
debt	28277864
feelings	28266075
visual	28259162
dog	28257660
realized	28206892
extended	28185689
option	28172495
fresh	28165749
input	28158554
impossible	28154144
marketing	28147454
controlled	28137542
wave	28104590
dependent	28039496
minute	28035481
novel	28002155
mode	27991535
citizens	27918020
estate	27916851
subjects	27862689
showing	27821198
users	27810519
absence	27744735
occurred	27742915
horse	27720580
royal	27718525
professor	27696724
wants	27687536
psychology	27672976
windows	27664903
becoming	27657027
managed	27639535
broad	27597778
typical	27595540
jack	27571645
watched	27528646
slow	27525780
courts	27486547
removed	27476992
secret	27469038
discuss	27453310
sections	27443029
fingers	27409674
findings	27400376
perform	27391251
provision	27387340
eastern	27380659
chest	27380269
neck	27377832
networks	27371825
detail	27340006
television	27337237
shoulder	27307976
parameters	27288395
click	27281224
emotional	27262037
orders	27251372
relief	27241196
objective	27224005
sight	27199438
seek	27166033
statements	27154017
corner	27146165
connected	27111476
cycle	27102747
apart	27082527
offers	27073292
pages	27057968
consumer	27020800
consistent	27006852
sets	27000149
select	26992429
solid	26992105
sequence	26986270
conducted	26979188
warm	26950292
hotel	26932826
shook	26910463
indicate	26891868
signs	26882361
indicated	26862427
kitchen	26841665
owner	26840097
broken	26826860
closer	26822220
clean	26804674
customer	26801283
device	26765192
currently	26739814
tool	26734765
estimated	26722961
thanks	26702354
vehicle	26685898
highest	26671630
hell	26668488
brief	26665538
subsequent	26639102
walking	26637150
iron	26631047
nice	26621814
solutions	26598407
walls	26595628
detailed	26588111
huge	26577614
interview	26546185
criteria	26524210
bear	26514219
winter	26494020
channel	26491095
banks	26489563
ahead	26450814
shift	26443585
assume	26438744
keeping	26414778
turning	26411924
trouble	26392004
band	26390693
audience	26388161
fourth	26365701
sale	26361612
combined	26350218
obvious	26325310
pointed	26316244
nine	26304492
museum	26287044
answered	26275276
transition	26268776
entry	26263398
employed	26251983
digital	26234766
technique	26190390
contain	26058876
copy	26046913
drawn	26026098
ice	25996978
wild	25990237
entirely	25952975
studied	25933639
finished	25903761
injury	25902305
edition	25900325
carefully	25892214
waste	25882247
issued	25873465
bound	25865413
guy	25861802
kids	25850159
seat	25814761
density	25799088
symptoms	25792176
election	25791310
ordered	25774430
belief	25773278
chain	25764285
watching	25744432
containing	25734226
telling	25658661
completed	25642468
kill	25614677
false	25609653
positions	25600059
legs	25594365
leads	25578776
derived	25528194
appearance	25522345
customers	25518109
democratic	25497020
challenges	25455594
silence	25451108
familiar	25444333
garden	25443063
origin	25412186
severe	25407294
structural	25393996
quick	25363266
firms	25345158
argued	25334623
represents	25324680
category	25273789
suppose	25259416
sold	25225187
cup	25221704
limits	25202775
exposure	25201879
agree	25183734
captain	25174948
monitoring	25166434
dream	25120005
dinner	25104951
primarily	25102790
domain	25093807
drink	25071476
linear	25052559
opposite	25047703
responses	25039409
express	25024139
noise	25014174
supposed	25007212
coffee	24990339
roman	24977782
amendment	24970194
sought	24947008
sentence	24939957
plus	24928541
revolution	24919090
strange	24911191
link	24910211
strategic	24900286
video	24872061
filed	24871228
situations	24862042
evil	24860113
contained	24853932
largely	24850787
display	24814699
draw	24775228
usual	24738199
scheme	24737510
club	24711268
soldiers	24705437
frame	24692009
climate	24680968
mechanism	24677233
dear	24640581
numerous	24624267
assumed	24605774
grow	24578019
empty	24535754
statistics	24531042
storage	24530673
convention	24515498
partner	24504658
bone	24467851
specified	24440379
arts	24437163
personnel	24429499
efficiency	24427190
farm	24423162
wine	24400997
sides	24400583
screen	24388887
confidence	24355085
narrative	24353336
percentage	24347036
song	24330010
chosen	24321270
enemy	24311201
achieved	24301942
train	24295228
mountain	24258203
assembly	24227303
somewhat	24210382
remaining	24207777
possibly	24174645
abuse	24070240
similarly	24062249
editor	24059564
valley	24046566
evolution	24008014
campaign	23992181
plane	23987424
portion	23986604
discovered	23967908
ring	23958264
imagine	23913745
star	23905810
sciences	23888215
quiet	23862258
closely	23851614
articles	23829667
drawing	23809491
supreme	23809259
delivery	23787899
largest	23785362
purchase	23759028
apparently	23752251
officials	23747856
functional	23737702
devices	23721580
kinds	23696023
gene	23674245
poverty	23665980
asking	23663006
comments	23661407
grand	23651482
camp	23645579
mainly	23614889
passage	23612368
clothes	23610860
grew	23605220
matrix	23602584
inner	23587959
parent	23581233
advice	23580968
thin	23576799
directed	23562864
season	23546646
worse	23539814
tend	23538381
recorded	23530205
motor	23529788
adults	23490564
mostly	23486476
funding	23467228
reader	23454193
immediate	23435703
categories	23412214
dynamic	23402138
revenue	23392585
senior	23388575
track	23384811
extremely	23376154
houses	23333542
bridge	23303951
traffic	23275307
notion	23272065
pleasure	23264410
lie	23260499
buildings	23258056
hurt	23257199
sounds	23256544
reserved	23253256
mixed	23248297
emergency	23246078
sky	23240591
remove	23206970
finance	23191539
emphasis	23160729
lose	23148973
involves	23129991
profit	23105355
afraid	23077645
jobs	23072519
count	23056881
listen	23011044
unable	23004517
refer	23003184
coast	22999753
ended	22983504
steel	22969807
proof	22969775
greatest	22962253
pieces	22952649
truly	22949962
billion	22931031
card	22919649
scope	22885706
gets	22878387
permission	22876868
debate	22864694
willing	22809925
threat	22800123
load	22799892
movements	22797018
samples	22765748
item	22747775
welfare	22731624
reflect	22722916
universal	22719930
pure	22718509
improved	22713670
grace	22704324
laughed	22673553
democracy	22668810
applicable	22667843
spend	22667111
depth	22662373
depends	22651610
fuel	22645325
drop	22641632
ball	22624399
carbon	22617738
database	22617380
equivalent	22608983
prove	22592933
literary	22538778
recovery	22529961
marked	22523262
heaven	22517040
zero	22490362
pair	22477342
ordinary	22471956
promise	22471910
biological	22468586
sum	22460231
divided	22446962
employer	22436702
dropped	22426867
define	22422664
join	22388767
zone	22381005
laid	22358955
plate	22348184
guess	22336391
mechanisms	22317423
liability	22315051
tears	22304301
aspect	22263089
outcome	22259162
sweet	22256999
salt	22245942
hardly	22236921
recognize	22235635
mom	22228093
extra	22206237
ourselves	22205681
circle	22204356
host	22201797
generated	22192356
widely	22190981
noticed	22175542
silver	22159045
weak	22140269
ill	22135872
continuous	22127991
listed	22119719
wonder	22111480
column	22106049
obviously	22092154
beside	22071470
seeking	22065575
joined	22063160
divine	22062369
flat	22050436
characters	22025249
fat	22006599
acting	22005136
indicates	21972652
queen	21938220
yellow	21932759
thick	21929721
bond	21898325
spot	21877324
famous	21875010
granted	21832735
random	21801923
engaged	21777100
reporting	21757833
household	21747504
collected	21740888
amended	21731206
tone	21729773
texts	21691750
outcomes	21689712
exists	21689019
picked	21662008
ideal	21632034
ethnic	21626278
games	21596791
circuit	21575626
begins	21575350
flight	21553511
attorney	21539510
contents	21513030
accordance	21495109
tasks	21490882
decide	21489537
dance	21451537
committed	21401856
taught	21398623
owned	21388188
dollars	21387653
commitment	21386316
payments	21378990
lies	21366496
equally	21352346
involving	21332858
collective	21317257
liquid	21311872
empire	21309498
afternoon	21301325
unlike	21292979
bright	21286221
capable	21268171
advance	21258238
cast	21250701
commonly	21248431
distinct	21248103
approved	21242602
linked	21225618
clients	21222047
beauty	21214400
diagnosis	21207955
languages	21183524
muscle	21177193
laboratory	21170040
port	21153425
facility	21144498
driving	21125007
excellent	21094252
journey	21088878
accounting	21054494
calling	21047064
infection	21043529
organized	21027005
id	20990826
amounts	20990389
carrying	20984279
enjoy	20981599
fellow	20973724
depending	20962938
border	20956337
calculated	20947083
guard	20946952
telephone	20932670
trip	20895185
consists	20877864
publishing	20876199
revealed	20867243
struggle	20866346
unknown	20854533
driven	20843289
awareness	20841153
humans	20833767
oral	20815867
sell	20810011
electric	20804517
rapid	20803146
besides	20801935
taxes	20775348
dangerous	20769861
permanent	20755871
stability	20755405
milk	20744520
boat	20729896
genetic	20728282
branch	20725855
temple	20725100
aside	20687055
stable	20654430
escape	20625712
session	20623299
gun	20621196
pushed	20607244
pick	20597731
repeated	20582674
mobile	20570512
efficient	20563781
answers	20561783
logic	20506365
properly	20503440
drew	20502805
integrated	20498720
ends	20497846
respond	20481873
readers	20481657
concrete	20480192
route	20464542
promote	20421862
mechanical	20412454
frank	20401859
beneath	20397535
alcohol	20377788
fiscal	20364754
putting	20335358
diversity	20333284
till	20332379
released	20317081
refers	20309791
files	20300250
fluid	20296170
extension	20292535
narrow	20288476
danger	20287976
attitude	20284009
algorithm	20277658
managers	20276833
theories	20275751
era	20270365
raise	20264764
prison	20255249
eating	20240284
wealth	20237561
grade	20215309
twice	20203717
anyway	20193085
catholic	20176888
strongly	20166130
visible	20140939
loan	20135727
coverage	20128919
grown	20126352
substance	20092705
thousands	20086346
yield	20085905
relating	20082399
beach	20080146
estimate	20068798
minor	20036173
careful	20025834
claimed	20025500
apparent	20012609
entitled	19998208
expansion	19994736
weather	19991060
height	19985848
alive	19984130
guidelines	19981761
fighting	19953865
sugar	19951476
root	19932624
roles	19928874
difficulty	19923519
continues	19922669
ultimately	19922381
prime	19918304
panel	19899862
gift	19896976
forget	19892354
expenses	19890489
proved	19884931
describes	19879130
decades	19878700
depression	19878472
informed	19868746
experiment	19867622
organic	19866961
induced	19866125
anger	19865810
underlying	19846444
concluded	19836951
tables	19835195
dress	19832430
passing	19828267
attempts	19823046
easier	19818636
surgery	19815051
fruit	19800907
surprise	19798646
sensitive	19791373
secure	19771289
bay	19740088
economics	19738022
younger	19699957
rare	19687884
planned	19679411
addressed	19636573
won	19630317
shop	19599221
healthy	19594103
gray	19589240
periods	19587652
bag	19581485
catch	19579914
sons	19565307
diseases	19527382
demands	19526537
award	19519780
disorder	19518323
risks	19498998
industries	19498698
sharp	19497161
angle	19495027
missing	19482333
rooms	19477884
suffering	19466703
creative	19460400
variation	19449689
remembered	19429550
absolute	19409510
stepped	19393870
assigned	19390651
turns	19350177
schedule	19332882
pull	19327219
sharing	19313107
estimates	19308439
prayer	19287687
server	19271909
normally	19267145
happens	19259223
writer	19256402
extensive	19243176
binding	19242826
contracts	19215499
rain	19196591
offering	19191515
cool	19188292
manage	19186723
vice	19182795
argue	19182675
allowing	19178559
fun	19178367
vote	19178284
tea	19171367
print	19163542
heads	19161249
mention	19158402
sheet	19151984
controls	19149503
prince	19146881
sin	19137520
rapidly	19135549
shares	19131746
classical	19080880
curve	19077558
thou	19063412
faced	19062327
worry	19043202
partners	19033867
molecular	19033339
engine	19031649
silent	19000690
arguments	18985734
counter	18980551
receiving	18979973
signed	18977788
topic	18962654
opposition	18949946
handle	18899626
prevention	18896671
profile	18886448
win	18875448
broke	18870035
assistant	18862904
regarded	18858531
stared	18840491
duties	18838360
gross	18829424
colleagues	18826693
stages	18818595
adequate	18774425
acute	18760782
fill	18750040
ocean	18749374
exception	18741651
examine	18732960
maintained	18722249
dealing	18721845
meetings	18719741
liked	18709703
poetry	18706912
match	18706881
territory	18697188
decrease	18676005
hidden	18672677
returns	18670643
ray	18669297
beliefs	18666259
regime	18653511
chapters	18645612
teeth	18638394
choices	18638048
acquired	18634231
surprised	18633155
extreme	18620906
films	18617201
fifty	18606775
versus	18605919
shoulders	18602231
brothers	18573924
realize	18567338
weapons	18562686
witness	18536944
attached	18535962
talked	18530241
sports	18529607
troops	18513991
desk	18511985
lying	18509933
row	18486205
syndrome	18483032
discovery	18481986
writers	18463683
perceived	18459563
survival	18447608
comment	18444821
instrument	18433081
headed	18432001
moments	18428930
shut	18424875
twelve	18418688
childhood	18402361
pictures	18401685
treat	18399499
adding	18397787
taste	18379298
appendix	18376260
intensity	18363044
chairman	18343963
fees	18342166
rising	18333127
plays	18318807
settled	18298943
approval	18286562
joy	18279724
desired	18253832
armed	18252396
aim	18250261
ear	18237110
edited	18232857
entity	18228878
forty	18207783
dose	18199836
superior	18188758
teach	18183438
snow	18181752
murder	18173514
wearing	18156785
denied	18143689
tells	18131339
degrees	18080652
bringing	18069383
somewhere	18066758
counsel	18052282
initially	18051697
faces	18041812
scholars	18041080
exposed	18033174
crowd	18021928
replaced	18020059
abstract	18010672
perception	18003490
driver	17990780
boundary	17986670
charged	17979608
refused	17974673
fashion	17970092
treaty	17962436
reactions	17956092
charges	17942110
spending	17936155
helps	17930989
golden	17919423
examined	17914169
suit	17896799
magazine	17893846
quarter	17866035
stream	17846838
governor	17841870
fee	17836787
sick	17807469
helping	17795512
gap	17784967
listening	17761481
grounds	17759155
contribute	17718055
reflected	17715782
suitable	17710461
presents	17680250
interface	17676683
moon	17662215
ethics	17648603
deeply	17636070
formula	17635751
birds	17634348
dominant	17616250
uniform	17614978
enterprise	17608752
decline	17593753
holds	17593468
nose	17591964
tall	17578830
stuff	17541239
directions	17537953
tomorrow	17530719
wisdom	17525582
waited	17521900
permit	17516194
stands	17503838
involve	17482566
contrary	17480259
finger	17477096
cultures	17472975
ownership	17464490
prepare	17455984
liberal	17450814
whenever	17441623
oxygen	17433051
horses	17429306
dynamics	17416990
wear	17414663
somehow	17407975
ought	17405384
surely	17386820
delivered	17382137
printed	17369926
landscape	17336580
accurate	17323908
innovation	17304426
supporting	17302227
button	17292150
wondered	17287805
declared	17286395
emotions	17277533
lands	17272411
bus	17271387
namely	17266068
aircraft	17264370
cook	17254457
throat	17251479
darkness	17245678
equations	17234477
shock	17228651
streets	17210036
gate	17209070
links	17208877
score	17207222
meat	17201819
wonderful	17198547
serving	17190611
thereby	17186125
spatial	17173172
modified	17171193
elsewhere	17169080
consent	17165721
continuing	17164031
pro	17158359
bought	17151138
radical	17147682
flowers	17145400
players	17128116
angry	17126384
peak	17120566
tiny	17115519
encourage	17096039
appointed	17053332
hole	17041707
protected	17029330
vast	17014472
tongue	17000250
dimensions	16998936
waves	16996428
falling	16996317
reducing	16974570
doors	16971082
stars	16956532
admitted	16936618
illness	16929517
engage	16926860
producing	16912875
reserve	16904687
proposal	16904064
temporary	16886773
partial	16881089
valuable	16872314
errors	16861855
expert	16844300
magnetic	16843438
detection	16838004
radiation	16796219
racial	16775012
crucial	16770042
ethical	16763590
uncle	16758936
compare	16752324
leg	16733734
spectrum	16727249
islands	16726849
mere	16725781
proportion	16717672
plain	16714948
homes	16707125
sudden	16700970
separation	16690462
founded	16674448
camera	16664540
originally	16635954
glad	16633840
cried	16600230
assumption	16599552
fifth	16596260
electrical	16595869
preferred	16594568
seconds	16589934
boundaries	16581302
shaped	16569668
attitudes	16569619
mountains	16552379
clause	16547020
drinking	16535859
faculty	16526049
societies	16506595
operate	16490964
minority	16480143
supplies	16466902
doctrine	16457853
ages	16437403
precisely	16425081
excess	16423387
smooth	16368770
rarely	16368286
struck	16366542
agreements	16351109
evident	16342649
harm	16336486
enable	16334354
naturally	16332403
waters	16330994
particles	16327950
hoped	16326081
finds	16322932
resulted	16308249
parliament	16307813
beat	16298672
wet	16294272
priority	16284095
pool	16282040
victim	16275385
quantity	16262397
busy	16260066
chamber	16246663
trading	16235887
centuries	16230379
fail	16226790
mutual	16208625
delay	16206592
cat	16190955
opposed	16165113
accessed	16144506
attacks	16126926
guidance	16120980
trends	16112515
operator	16093071
reflection	16088493
beings	16087487
authorized	16069634
falls	16064752
managing	16060636
businesses	16054297
victims	16043618
universe	16033553
fairly	16023511
thy	16010800
electron	15977633
rice	15975195
interior	15960231
string	15936395
mixture	15931665
residents	15923373
submitted	15918565
plastic	15904935
settings	15876812
sand	15870377
newspaper	15869202
lifted	15866696
lights	15854319
smoke	15847157
criticism	15832937
losses	15829448
scientists	15821975
vertical	15812736
seriously	15809507
registered	15797469
selling	15794254
applies	15779433
membership	15776167
vector	15774724
bird	15763757
reaching	15759963
cited	15759806
spoken	15753183
pocket	15751921
bush	15746703
bread	15730960
revised	15727078
axis	15725609
nurse	15721355
burden	15713526
complexity	15710359
assess	15699771
protocol	15697296
facing	15688221
centers	15681791
actors	15673980
viewed	15673546
stomach	15672828
removal	15666268
cars	15658541
farmers	15648450
shirt	15644010
empirical	15642217
discipline	15630760
recall	15614588
stayed	15605718
favor	15601892
mirror	15601028
tension	15598579
feedback	15595995
incident	15589476
speaker	15589094
theme	15587528
vehicles	15563037
honor	15562011
accident	15546344
ships	15536767
vary	15526478
dogs	15519775
velocity	15517303
composed	15514767
tight	15505131
ride	15501753
strike	15495412
handed	15492673
kiss	15489263
dressed	15482468
welcome	15477324
owners	15465431
fault	15461832
messages	15447261
brand	15432187
possession	15430224
migration	15423531
feed	15420709
phenomenon	15419335
artist	15403075
fiction	15391601
greatly	15373080
bell	15363558
generate	15359615
format	15355546
worst	15347530
perfectly	15343941
painting	15340199
entrance	15330899
duration	15330179
decade	15311378
promised	15306110
hypothesis	15286001
helpful	15275535
explore	15270841
worker	15253943
loans	15244866
photo	15243229
dreams	15230666
tonight	15226447
laugh	15225215
musical	15218403
dimension	15212823
nervous	15210889
occasion	15199990
tip	15190627
imposed	15187323
intention	15183156
parameter	15182849
remote	15181377
nobody	15163544
movie	15160845
genes	15159665
moves	15147814
cry	15147074
skill	15140424
drove	15120733
atmosphere	15115957
confirmed	15115851
recording	15104744
spaces	15084756
depend	15078026
tired	15071377
argues	15060267
runs	15059518
register	15055725
valid	15047612
player	15045911
mix	15041432
lunch	15036415
announced	15031503
regardless	15031129
tested	15021102
qualified	15015769
conscious	15004022
gradually	14995905
restaurant	14987772
flesh	14984856
rational	14984528
roots	14976603
monthly	14975862
trained	14971141
absolutely	14969274
fed	14951375
suffered	14949162
satisfied	14944145
fifteen	14936863
marks	14929606
license	14907475
evaluate	14900411
emerging	14898986
begun	14897205
grants	14857316
conversion	14845780
influenced	14840650
magic	14829538
flows	14813564
sees	14802276
strain	14796743
cutting	14781469
diverse	14780782
violent	14759058
causing	14754834
push	14753575
unto	14733571
wise	14726989
ears	14718276
accuracy	14716062
export	14709022
enjoyed	14708035
emerged	14705138
acceptance	14700142
cards	14697706
grass	14695861
oriented	14694641
leaned	14692140
obligation	14673539
guys	14672391
twentieth	14658473
vital	14639158
separated	14620933
expensive	14619349
slave	14616533
offices	14586763
split	14583285
jury	14573361
applying	14553155
aids	14551443
nerve	14549680
partly	14549331
monitor	14543012
asset	14536008
vessel	14515185
synthesis	14513546
mining	14510199
locations	14508415
gathered	14505416
signals	14499387
isolated	14491043
fly	14486659
intent	14486005
poem	14477744
hung	14457750
stored	14447226
serves	14444397
forever	14442565
raw	14434953
pressed	14430308
bearing	14427960
comfort	14420650
encouraged	14413948
barely	14404509
phrase	14400312
trail	14396951
reveal	14381519
gently	14378087
courses	14377272
artists	14372653
permitted	14363140
burning	14359316
brings	14353574
unusual	14349050
warning	14346404
extend	14331896
assist	14331473
retirement	14331262
friendly	14318852
behalf	14317699
default	14296810
totally	14293393
exact	14283548
fallen	14275751
voltage	14275663
simulation	14259028
truck	14229730
utility	14224149
saved	14218058
wage	14215690
ultimate	14211755
touched	14182114
memories	14179538
breaking	14173065
designated	14166411
analyses	14158360
blocks	14154317
elected	14147069
diet	14130336
happiness	14106345
faster	14101650
liver	14094719
punishment	14092177
frequent	14079384
reply	14062642
blind	14061462
feels	14059173
steady	14045257
foods	14036549
breakfast	14030500
directors	14020077
attempted	14017618
performing	14015316
roll	14015125
plot	14010586
dust	14002071
victory	14002033
repair	13996237
coal	13995715
paying	13990655
newly	13977370
optical	13974738
destroyed	13972146
finish	13968544
dialogue	13959854
implement	13959614
league	13957582
draft	13948979
carrier	13938816
heavily	13938320
layers	13929202
hundreds	13907913
improving	13893892
shadow	13892811
crossed	13881220
voices	13878981
expense	13868233
heading	13864610
calm	13860394
beam	13859085
constantly	13839271
fishing	13838797
gods	13834790
seed	13834301
capture	13828821
symbol	13824592
trials	13815857
sacred	13814566
experts	13809200
overview	13795198
topics	13793917
virtue	13786908
loud	13785186
massive	13768686
clothing	13766638
node	13761708
exhibit	13760753
virtual	13751825
pregnancy	13746604
stronger	13745793
elections	13732201
channels	13718680
saint	13714926
unity	13709451
solve	13704023
lessons	13701338
physics	13699639
trend	13676865
gained	13667994
storm	13666338
advantages	13661311
ongoing	13651204
identical	13650594
platform	13645693
liberty	13642873
scores	13626933
flying	13609972
teams	13609155
meal	13582166
terrible	13577645
arise	13561642
outer	13549440
rolled	13548579
observe	13548388
curriculum	13543659
tube	13535936
raising	13530688
branches	13525626
threw	13522569
instances	13501136
guilty	13499805
grain	13496122
starts	13492489
passion	13473907
acceptable	13473557
asks	13462638
nearby	13460326
molecules	13459103
worried	13436841
optimal	13435197
arrival	13426174
initiative	13423667
chose	13421857
pub	13419602
patent	13417279
songs	13414465
quietly	13414363
intense	13413197
copies	13410841
array	13406773
violation	13400778
bedroom	13400496
wider	13394618
lawyer	13387432
breathing	13382873
stores	13381860
closing	13375122
invited	13374588
occupied	13367652
decreased	13363336
visited	13337366
execution	13336454
grabbed	13334507
roof	13332938
hate	13329335
enhance	13327175
graph	13325145
package	13324999
prominent	13312095
minds	13299819
smart	13286823
diameter	13285783
everywhere	13282086
traditions	13279123
mistake	13274267
pleased	13269496
translated	13261941
manual	13255481
everybody	13248865
agenda	13245446
quoted	13235069
forgotten	13224885
logical	13223184
stick	13214372
promotion	13209572
inch	13205033
discharge	13198875
log	13192488
hide	13189920
essay	13183207
bottle	13180039
returning	13179644
anywhere	13176319
smell	13172664
reputation	13162969
creates	13161350
hat	13156835
candidate	13156787
lesson	13150910
constitute	13149664
dramatic	13149371
rank	13143859
overcome	13142078
attend	13139300
gay	13137913
wished	13137811
deeper	13125768
mood	13125691
distant	13121035
crew	13119629
equality	13100806
theology	13099458
rejected	13096900
cloud	13087779
restricted	13085680
pride	13084968
inquiry	13083642
bob	13076785
churches	13075550
tendency	13072897
modeling	13061165
wake	13058701
entities	13030073
priest	13025593
explains	13019270
admit	13013967
particle	13004943
virus	13001076
necessity	12984805
happening	12978926
orange	12978327
enhanced	12977044
missed	12965056
adjustment	12956808
filing	12954766
wire	12952428
appeals	12947167
throw	12946180
sake	12944326
variations	12943814
wages	12940412
inspection	12936528
ending	12934296
produces	12929700
aunt	12928501
sport	12919050
pan	12906531
worship	12898614
wedding	12898380
construct	12890419
millions	12887555
wore	12884120
graduate	12875536
killing	12870620
pilot	12866637
deliver	12866403
crown	12864254
losing	12859894
don	12856965
covering	12855990
thinks	12853513
pale	12841838
adoption	12839723
adverse	12836647
discover	12827877
lists	12826386
tied	12819634
entering	12808858
fate	12806078
interval	12803160
tour	12802591
shoes	12798330
briefly	12795111
profits	12785277
conflicts	12779172
emotion	12773485
currency	12770122
everyday	12761347
poet	12758623
coat	12757013
cable	12752823
thee	12752205
confusion	12749814
classic	12744992
knees	12726912
proud	12722098
complaint	12721310
attributes	12717479
rough	12712339
rocks	12707781
responded	12703795
mile	12701002
crystal	12698692
inter	12697671
muscles	12697423
imperial	12696462
mortality	12691755
savings	12690734
publisher	12683046
deemed	12680579
beer	12679095
mothers	12677168
machines	12672930
requested	12670348
approached	12667517
stairs	12649104
writes	12646835
crimes	12645711
judges	12645229
aged	12642278
fewer	12639796
supports	12639071
implies	12624287
roads	12615347
highway	12608774
loop	12607215
moderate	12594526
differ	12593118
customs	12589584
maps	12589208
heritage	12587666
impression	12578358
dollar	12563350
hills	12548545
inches	12544534
arranged	12538880
repeat	12534389
interviews	12534005
suffer	12530734
favorite	12518561
loose	12512722
peoples	12501435
wooden	12501385
fought	12495435
computers	12494529
introduce	12482418
convinced	12478675
sword	12469747
glory	12469746
routine	12465088
stem	12450154
cream	12442388
wound	12432523
privacy	12430673
expanded	12421357
kid	12418055
dispute	12412722
sad	12403849
sampling	12376720
stations	12363997
regularly	12363871
replace	12360608
threshold	12355541
damages	12354147
wing	12341692
requiring	12339226
submit	12339207
reasoning	12324831
slaves	12320743
readily	12318174
survive	12304639
humanity	12302048
lots	12300743
chemistry	12297281
dying	12284827
filter	12281413
systematic	12274984
reviews	12268908
label	12267439
laser	12252489
solar	12250574
encounter	12248026
studying	12231417
plenty	12230067
biology	12221093
reflects	12204041
chart	12202316
forming	12199612
buried	12197480
trace	12195753
explicit	12183822
shell	12182897
odd	12172985
menu	12168085
covers	12164183
applicant	12159369
dates	12150271
desert	12147788
adjusted	12146359
horizontal	12131276
measuring	12127608
handling	12124967
reverse	12120431
dedicated	12120404
requests	12117532
bishop	12112114
eligible	12094166
ease	12082849
aimed	12082690
targets	12080920
visitors	12079454
damn	12073512
classified	12066538
palace	12058164
tower	12055683
finite	12055076
residence	12040871
demanded	12038348
rely	12034638
attractive	12027453
reliable	12015291
sleeping	12012034
eggs	12008084
belong	12003535
woods	12001471
opinions	12000257
staring	11990625
existed	11988627
bones	11985524
enormous	11956506
instant	11955277
pollution	11947098
gospel	11930408
writings	11922120
abandoned	11916984
cotton	11913118
striking	11909447
candidates	11903379
communist	11898449
ha	11893183
virtually	11878308
latest	11878261
dated	11878204
doctors	11862543
sending	11852248
associate	11850960
bowl	11845025
abroad	11844145
switch	11843497
sounded	11840966
exclusive	11827464
remarkable	11814818
linguistic	11814765
cap	11812653
assuming	11808594
inspired	11801019
hanging	11796034
essence	11786788
historic	11783799
honest	11773832
facilitate	11773273
integrity	11771554
hey	11769630
theorem	11767302
informal	11763596
castle	11756441
suppressed	11755076
locked	11754570
terminal	11737070
marry	11728008
airport	11721899
noble	11721774
threatened	11713980
medieval	11711436
disaster	11709872
contexts	11706372
pray	11702876
modes	11695370
origins	11694370
towns	11693934
yours	11688319
definitely	11682367
custom	11681725
dependence	11679746
pounds	11676705
adopt	11670862
accused	11667251
stuck	11656657
alliance	11648069
assignment	11644037
spite	11643084
purchased	11641207
wars	11619102
qualities	11604664
surfaces	11599701
motivation	11587061
shortly	11580696
designs	11579766
preceding	11571515
rent	11566550
employers	11558027
surrounded	11532602
pulling	11508021
attended	11504416
captured	11501083
smiling	11499383
crop	11494536
preparing	11485669
scenario	11484550
phenomena	11484422
wheel	11479770
sphere	11477750
ignored	11476004
pulse	11471116
crazy	11464980
prefer	11462578
unlikely	11460508
chicken	11454312
defining	11453660
indicators	11440716
checked	11438383
citizen	11435534
nodes	11423600
glance	11411187
soldier	11408338
solving	11404526
prisoners	11401073
compound	11387943
indicating	11382707
precise	11373957
influences	11359473
pace	11348365
explicitly	11331288
mount	11328641
hoping	11322567
codes	11313141
copper	11309763
blow	11298843
weekly	11296511
displayed	11292358
slight	11277250
infant	11276550
printing	11271441
appreciate	11271336
describing	11269745
reforms	11264267
illegal	11257804
meanwhile	11239732
injuries	11233496
relate	11228842
excited	11226029
knife	11218077
cluster	11202376
conclude	11197137
essays	11195598
alleged	11180170
collect	11178627
flexible	11173435
neutral	11161049
conceptual	11159303
saving	11154822
conception	11154815
validity	11150782
sentences	11145418
completion	11144103
suggesting	11140317
sacrifice	11138991
devoted	11136836
somebody	11132775
mad	11128225
fiber	11114211
width	11107152
segment	11100706
thesis	11089873
exercises	11089159
males	11085473
kings	11078493
bias	11072973
afford	11070713
hydrogen	11069283
addresses	11054106
likewise	11047081
hearts	11045229
destroy	11042796
drama	11039161
elderly	11029151
campus	11022487
newspapers	11019283
insight	11015234
friendship	11012332
imagined	11010481
expertise	11007646
gifts	10990975
feeding	10990356
paint	10983639
calculate	10978867
pink	10978036
diagram	10977187
occupation	10976940
enemies	10973614
tank	10968256
remarks	10967629
guarantee	10965768
voluntary	10962424
tail	10961701
diagnostic	10959001
absent	10954087
bent	10951862
lift	10942888
publishers	10941819
ritual	10938153
widespread	10930088
painted	10925824
insisted	10924902
operators	10923961
poems	10908655
verse	10905193
satisfy	10903817
spirits	10900108
searching	10894015
ladies	10889381
prescribed	10889375
calendar	10881230
automatic	10878805
angel	10878566
letting	10878073
lane	10875010
servants	10870514
suicide	10869879
laughing	10866472
arrive	10864915
inflation	10859489
planet	10843905
import	10843509
singing	10842148
grave	10827996
giant	10827864
artificial	10821308
advances	10816859
stroke	10814420
praise	10811549
confused	10807062
lowest	10805655
static	10805189
deputy	10804574
courage	10799462
bare	10796550
yesterday	10794460
parking	10780269
clock	10774424
combat	10756631
cooking	10755944
hunting	10753940
guns	10750921
gains	10749116
stones	10748806
servant	10743733
critics	10741464
proceed	10739553
dozen	10732570
quantum	10728124
sustained	10726554
arrest	10724602
colors	10724357
terrorism	10723441
adjacent	10723359
reviewed	10722509
respective	10722227
wrapped	10712063
reasonably	10709427
symbolic	10696901
resident	10695249
paused	10689940
immune	10681945
resolved	10674082
rear	10670982
smoking	10669322
promoting	10665518
believes	10664030
admission	10657651
reveals	10654313
thickness	10653285
lung	10645783
witnesses	10628681
adapted	10624842
proceeding	10606261
excessive	10604312
exceed	10598607
magnitude	10597093
puts	10590569
loving	10589486
economies	10586513
hero	10585966
handbook	10579976
lit	10578269
factory	10574296
governing	10573700
conviction	10567927
rolling	10556852
computing	10554112
fraction	10540579
evaluated	10534767
gathering	10531101
allocation	10529500
indirect	10523003
dominated	10520027
shopping	10513126
retail	10511362
expand	10507952
symbols	10503680
shouted	10502293
cattle	10502105
pointing	10500551
vulnerable	10487908
integral	10480873
operated	10469298
reminded	10464575
yard	10463927
deny	10459519
volumes	10455852
lucky	10452182
earned	10445066
blame	10441781
pack	10441582
literally	10439755
consensus	10439228
incidence	10437948
em	10427803
ion	10421836
versions	10417115
gentleman	10415572
columns	10410313
leaf	10408578
predicted	10399975
football	10389914
bars	10389433
attributed	10382380
wanting	10374042
themes	10373159
minimal	10363284
penalty	10358317
detected	10352128
asleep	10350096
slope	10335140
slipped	10331672
mystery	10330119
harder	10327604
surveys	10325544
innocent	10319449
genuine	10316538
resolve	10311821
gentle	10306401
thereof	10306010
lifetime	10301580
ruling	10294017
profession	10288386
devil	10278184
listened	10272183
numerical	10270019
proposals	10269794
surprising	10269750
suspected	10265343
update	10263134
edges	10260221
stupid	10259860
passive	10258289
burned	10251631
bulk	10248826
lovely	10245570
verbal	10239600
partially	10237317
buying	10233740
usage	10231948
connect	10230467
luck	10222470
occurring	10215968
physically	10213749
archives	10205605
tale	10204188
varying	10201799
pleasant	10200833
ideology	10200042
engineers	10198214
crossing	10189133
preference	10188509
aims	10184148
grateful	10174686
substances	10173871
preserve	10166057
jumped	10155084
weapon	10151900
meaningful	10150840
varied	10148931
personally	10145953
thrown	10145460
schemes	10144148
affects	10140233
fired	10136715
possess	10131503
studio	10125823
forum	10118993
editorial	10118164
pursue	10117295
pairs	10115968
barriers	10114733
attachment	10114219
voting	10113865
eternal	10112782
bigger	10103695
gotten	10097892
lawyers	10094053
excluded	10084986
fortune	10080406
guilt	10079376
females	10076967
sessions	10074873
curious	10071976
theater	10063014
leather	10061240
shifted	10052844
terror	10051483
referring	10047677
copied	10047070
peer	10045974
threats	10042752
legitimate	10038619
exit	10032791
burst	10028495
suspect	10025010
apple	10022397
corruption	10021175
pregnant	10016970
solely	10016723
ward	10004582
mouse	10000802
biblical	9995355
feminist	9992307
tobacco	9992273
tape	9985618
examining	9980608
cheese	9979424
naked	9978830
guests	9977950
worldwide	9946193
egg	9943120
educated	9940930
shame	9939496
blank	9938432
ecological	9934621
crops	9933004
knee	9927766
realm	9924809
affecting	9922077
accessible	9921352
rivers	9919340
furniture	9918105
inclusion	9915578
scanned	9913256
pipe	9907380
grid	9899661
laughter	9898136
deck	9889648
tender	9888744
divorce	9874404
sixth	9866098
powder	9858314
shaking	9849104
fever	9848777
satellite	9845802
mapping	9839674
speaks	9836362
lock	9828976
winning	9820621
fails	9820483
acted	9809544
romantic	9808552
roughly	9803875
cheek	9793698
addressing	9785686
flash	9781930
illustrate	9781438
wishes	9777432
elite	9759939
con	9754809
phases	9754065
firmly	9751983
jump	9745734
organ	9738379
choosing	9734279
scenes	9732488
plates	9730720
coach	9729413
productive	9728791
hospitals	9727499
determines	9725161
bacteria	9719148
sing	9714773
barrier	9708556
sheep	9705248
editors	9695126
crying	9691510
ties	9684142
embedded	9682483
boxes	9679177
retained	9678967
funny	9665725
painful	9662573
timing	9659754
comparable	9659175
rush	9654652
protest	9626599
comply	9623846
dual	9610759
filling	9610214
forests	9608475
keys	9604954
bills	9599731
likelihood	9595218
charter	9594061
strict	9593482
matching	9592789
transform	9586353
mill	9584752
afterwards	9584124
pop	9583221
margin	9578490
sole	9571032
associates	9570927
keeps	9568944
boss	9568858
clouds	9568085
flower	9549730
reserves	9549615
suite	9547087
altogether	9543272
verb	9542154
pen	9538788
placing	9533828
libraries	9532572
unions	9530677
excuse	9528779
supplied	9527185
curves	9525453
nick	9520568
limitation	9518149
staying	9517404
guest	9515426
deposit	9512335
anxious	9511884
corn	9511478
butter	9511242
biggest	9509116
flood	9504749
infinite	9498741
producers	9498518
consisting	9494234
cabinet	9490186
worn	9488210
reward	9485950
scales	9481349
isolation	9480566
desires	9479701
exclusion	9474525
tends	9470836
wings	9460326
comparing	9460254
rating	9452843
circles	9451023
photograph	9449314
dancing	9443899
algorithms	9442844
shoot	9438406
launched	9437925
wondering	9432757
specify	9431811
capability	9431609
visiting	9423676
hopes	9412791
defend	9411287
fathers	9407430
visits	9407351
belt	9407186
excitement	9406092
riding	9404695
installed	9404220
correctly	9402441
inherent	9402059
tough	9398936
actor	9398351
ignore	9393879
eliminate	9389148
fraud	9385910
aggressive	9383244
meanings	9377833
converted	9375587
senses	9370777
sheets	9367916
occasions	9366393
occurrence	9365484
sequences	9364670
achieving	9363921
gulf	9362761
deaths	9357095
elementary	9355982
initiated	9352670
slip	9347423
styles	9343989
hang	9340958
companion	9338935
venture	9333213
belonging	9329877
privilege	9328213
guided	9322212
enables	9320801
villages	9318547
pope	9316767
folk	9308235
hardware	9297874
executed	9293654
eleven	9286422
earliest	9279041
habit	9270398
ranging	9268346
assessed	9267929
divide	9263987
circular	9262948
creature	9262586
dried	9259959
altered	9259401
mercy	9256075
commentary	9251540
sixty	9244438
dawn	9240163
actively	9240033
pushing	9234372
inform	9233155
defeat	9226824
steam	9225029
avoided	9221360
burn	9220987
fears	9210804
seeks	9205875
displays	9200530
collapse	9200069
whilst	9193837
mice	9186101
atoms	9184657
settle	9183633
ministers	9182010
colored	9181921
weakness	9176648
variance	9176578
assured	9175043
alongside	9173410
ceiling	9167284
cloth	9163091
wolf	9158757
landing	9156018
adds	9153514
imports	9150304
fix	9150093
neural	9148228
revelation	9147252
nurses	9143750
cellular	9141169
bathroom	9140041
retrieved	9137996
acquire	9133632
hunt	9131075
invasion	9131007
recover	9126249
precious	9125747
profound	9117865
estimation	9117746
machinery	9112643
frozen	9111431
sizes	9109574
paths	9109425
spin	9108147
passes	9107542
adaptation	9105196
ass	9105184
explaining	9103234
shapes	9097291
combine	9096993
balanced	9095998
analyzed	9092471
intensive	9091363
tie	9090724
lab	9084950
workshop	9083651
nights	9077414
receives	9076677
resist	9072794
courtesy	9065663
pressures	9064019
honey	9063154
upset	9060036
myth	9049381
justified	9049363
guards	9045286
suggestion	9044341
cleaning	9039436
marginal	9038124
checking	9037276
assessing	9032904
crack	9029035
departure	9022912
salvation	9021164
railroad	8994156
titles	8993546
attribute	8991350
contacts	8986363
beneficial	8977384
seats	8969793
reaches	8967884
enabled	8966326
shooting	8962570
gather	8957697
pot	8955350
hierarchy	8954373
reduces	8954371
structured	8953767
wash	8949309
fabric	8945458
discretion	8928679
hungry	8928388
attacked	8922426
rail	8922013
alter	8921366
inequality	8919824
arising	8914940
worthy	8909198
amazing	8898500
ate	8897639
strictly	8882092
exceptions	8877532
quarters	8876736
festival	8873201
succeeded	8862824
tolerance	8859175
capitalism	8850647
bands	8850426
blessed	8846554
predict	8842230
habits	8841658
assault	8840472
desirable	8831167
gates	8829615
protecting	8827844
holes	8826757
flag	8820850
chemicals	8818897
aging	8815028
stretched	8814672
thoroughly	8808821
stranger	8808142
yards	8803958
polish	8797741
mild	8793802
listing	8791435
super	8786147
scattered	8785189
aesthetic	8782999
opens	8781017
dirty	8769993
retain	8768361
advisory	8760911
bull	8760615
defines	8758702
vegetables	8755564
heating	8754721
badly	8754573
distress	8753061
preserved	8752981
engineer	8745802
abilities	8741329
chains	8735157
rescue	8732014
directory	8725245
reproduced	8721831
dining	8716974
passenger	8716060
cleared	8713188
scheduled	8711853
slid	8710744
grief	8710500
purely	8710338
quantities	8709675
discussing	8708913
unexpected	8701879
producer	8698703
atomic	8689405
audio	8685910
outline	8684275
shake	8677948
prediction	8669289
loading	8666697
obtaining	8659346
bath	8655409
cousin	8655291
artistic	8649121
glasses	8643634
retired	8637101
relatives	8632225
awards	8631848
emerge	8629335
zones	8625125
arrested	8621051
taxpayer	8620052
hired	8620026
ruled	8619157
detect	8617078
separately	8614613
rendered	8612052
awarded	8611641
dealt	8602834
attempting	8601675
innovative	8599504
recalled	8594579
subjective	8590425
refuse	8587423
permits	8587008
injured	8585754
proceeds	8581833
confident	8574953
freely	8574041
juice	8563683
railway	8561018
prize	8556352
analyze	8555133
recovered	8553242
weekend	8548559
script	8546463
relevance	8538795
challenged	8533059
shifts	8531484
selective	8526276
disposal	8523893
boards	8522909
indication	8521951
creatures	8518250
salary	8513463
formerly	8510085
possessed	8508597
shorter	8507568
divisions	8506646
undertaken	8504341
fleet	8500329
bow	8496839
decreases	8494366
signature	8492221
prophet	8487812
pursuit	8485375
pump	8481599
lip	8481527
bits	8481108
talent	8479026
scared	8470984
query	8468364
coupled	8461082
evaluating	8453786
tracks	8448606
implied	8442313
tribes	8439921
rejection	8439240
breach	8439046
deals	8434331
meets	8427059
peripheral	8424867
cycles	8421336
criterion	8418623
bloody	8410405
conducting	8409867
pitch	8408875
uncertain	8408660
composite	8407732
fool	8405842
par	8404023
intervals	8403477
loaded	8403461
attracted	8394207
cave	8393004
container	8390560
affair	8388684
confirm	8384876
bid	8380964
makers	8380868
rotation	8378071
gardens	8373606
committees	8372079
tribe	8371586
repeatedly	8370492
reflecting	8368381
segments	8365996
mounted	8356648
yields	8356596
horror	8343793
reception	8338827
mask	8338312
justify	8337021
warned	8329852
disk	8327705
gravity	8317996
worlds	8315374
horizon	8314681
hip	8312546
flew	8310799
jacket	8310128
packed	8307529
anybody	8307520
considers	8305982
stretch	8302536
mature	8291374
panic	8288291
fan	8287547
succeed	8285706
dismissed	8285113
slide	8284683
photos	8283555
intimate	8277503
presumably	8266996
invisible	8266706
computed	8265254
holiday	8260516
subtle	8254526
bulletin	8252215
extending	8249454
nowhere	8248344
blacks	8243904
speakers	8240895
alien	8240751
lighting	8232693
complaints	8227471
hated	8225525
occasional	8221904
chocolate	8218560
bases	8217410
expanding	8207983
transfers	8203386
deficiency	8199507
varies	8192601
module	8184096
relates	8169582
lover	8165815
lens	8165544
compromise	8165482
bet	8163061
climbed	8161024
organs	8151369
fruits	8150468
interpret	8149102
lesser	8146369
publicly	8143246
priests	8134642
pet	8130984
hiding	8126917
defects	8125163
civilian	8119847
ensuring	8118951
ghost	8116378
employ	8115084
figured	8113205
birthday	8108764
exploring	8105674
overseas	8104930
tended	8101474
funded	8101066
souls	8097346
treating	8094920
counseling	8094303
sorts	8091100
neighbors	8085473
reporter	8079355
competence	8079113
extract	8078877
inadequate	8076354
morality	8074627
commit	8072066
movies	8071081
shelter	8068958
withdrawal	8060710
liable	8058996
situated	8058157
lowered	8054210
documented	8046102
rows	8041045
brilliant	8033542
competing	8032540
landed	8026972
bitter	8015987
failing	8015723
inevitable	8012649
seventh	8006989
opera	8001787
recommend	8000996
lecture	8000810
tracking	7998670
pour	7998032
strip	7997989
substitute	7989998
fold	7985350
masses	7984359
geometry	7982356
wherever	7981963
seemingly	7978055
arises	7977844
generating	7976224
launch	7972133
motivated	7964489
basically	7959994
colleges	7957913
declined	7957695
assisted	7956853
dare	7953984
loves	7953834
precision	7948020
priorities	7947518
drag	7947318
desperate	7946777
brush	7946410
rat	7942623
geography	7940980
tips	7940701
dialog	7937683
taxation	7935576
backed	7934812
craft	7934241
socialist	7925116
farmer	7922345
fragments	7920155
thrust	7917790
masters	7900955
faithful	7897614
commodity	7896287
presenting	7883053
tightly	7882945
cuts	7881064
emphasized	7880022
buyer	7874677
adjust	7874378
void	7870895
boots	7868766
sexuality	7867704
belongs	7857225
talks	7851365
generic	7851014
pause	7849571
directive	7849427
virgin	7849130
confined	7846960
pressing	7846175
mess	7845319
resort	7842921
bears	7842497
engaging	7840304
feared	7839052
battery	7833673
delayed	7830886
accurately	7830595
pound	7821099
damaged	7820807
disabled	7819246
deviation	7819087
angels	7817512
continuity	7815229
arc	7813512
allies	7810975
rubber	7810014
nearest	7808856
dictionary	7799691
intake	7798370
discrete	7796288
terrorist	7796161
insert	7793353
wives	7792521
seal	7785114
survived	7781092
parks	7779578
prospect	7779398
valued	7777812
propose	7776090
broadcast	7762849
arrow	7762599
arbitrary	7762173
slept	7761816
funeral	7759793
recipient	7758899
mayor	7758794
projected	7758648
paintings	7758626
junior	7757893
forgive	7752906
revision	7752313
ecology	7750626
promises	7750310
restore	7749635
dignity	7749569
limiting	7747791
eager	7747170
bags	7745431
shifting	7743874
promoted	7736584
skilled	7722883
drunk	7711399
centered	7711140
pupils	7703946
specialist	7697696
arch	7695909
folder	7693974
boats	7692088
socially	7689807
historians	7682567
periodic	7681785
chances	7674235
juvenile	7671627
intentions	7657686
debates	7657310
notably	7655530
valve	7655446
meals	7651316
premises	7650510
farther	7649550
removing	7647867
suspended	7646012
primitive	7641871
gear	7641328
coordinate	7640754
stocks	7636483
whites	7636429
inputs	7635157
secular	7630530
impose	7619037
drivers	7618579
correction	7611235
cups	7606940
receipt	7603447
prisoner	7603042
apparatus	7600295
gesture	7594636
invest	7593111
dating	7592239
persistent	7591595
modest	7585128
chairs	7580839
trigger	7575749
traveling	7572109
suspension	7571118
harmony	7568142
poured	7567744
upward	7565000
rushed	7563708
explored	7561884
indicator	7558984
hello	7558644
grasp	7555639
applicants	7554051
outlined	7552473
dirt	7551009
thereafter	7549710
shower	7545789
rigid	7545307
interact	7544137
rings	7537074
colony	7533280
overhead	7532568
blade	7531942
duplicated	7531916
grip	7531579
washed	7524893
ceremony	7524606
cheap	7524457
realistic	7516706
evolved	7516476
advised	7515743
tales	7507240
alarm	7500987
shops	7500782
mixing	7498775
clusters	7495989
accomplish	7492389
novels	7489644
collecting	7487795
cake	7485752
floating	7482854
chase	7482009
attending	7481362
pile	7473769
sink	7473309
avoiding	7472198
frames	7471552
caring	7464976
notions	7452080
tunnel	7449561
exhibition	7446918
selecting	7438344
consist	7437354
alert	7434121
instantly	7430977
bench	7429420
entries	7429183
belonged	7427721
enthusiasm	7423782
peaceful	7421025
wholly	7420604
mechanics	7410016
episode	7408924
exciting	7399944
lean	7399929
conscience	7399912
infected	7395157
minimize	7393851
attract	7389620
cooling	7389123
proven	7389031
preventing	7388984
counts	7387805
sensation	7384580
molecule	7383694
implicit	7378262
consulting	7375757
sauce	7369792
extraction	7367527
tap	7363491
activated	7362760
lacking	7362743
alike	7362431
breaks	7359231
tons	7350303
equipped	7349160
absorbed	7345488
rhythm	7344679
modify	7337236
compact	7336426
radius	7335547
generous	7334483
lightly	7330748
knight	7330270
grammar	7330045
convenient	7326869
shed	7325334
processed	7324391
eighteen	7322895
judgments	7313332
semantic	7307294
relaxed	7304154
routes	7303470
commands	7301458
prohibited	7299542
piano	7292232
purple	7283405
charity	7280228
receiver	7274372
impressive	7267171
probable	7264015
shipping	7263160
strengthen	7254729
tries	7253253
tragedy	7250660
cinema	7248417
touching	7242938
rope	7240423
babies	7240121
offense	7232277
causal	7231730
carries	7231634
inserted	7230452
rats	7226095
researcher	7225234
lifestyle	7223371
sins	7221597
remainder	7217243
invention	7215178
promising	7215133
mistakes	7213616
diary	7213117
inferior	7213090
engines	7205919
binary	7205563
springs	7205361
journals	7204177
sweat	7203167
sized	7200030
detective	7199182
earn	7193737
stopping	7191415
followers	7191287
delight	7189259
safely	7184737
prevented	7179074
observer	7177843
momentum	7173323
competent	7171983
mainstream	7171972
profiles	7167891
backward	7166586
voters	7160547
fancy	7158464
streams	7155795
reject	7153408
warrant	7149891
checks	7149017
extends	7147848
swept	7145190
accepting	7142675
pole	7141659
sooner	7135551
organizing	7135433
bold	7130705
emphasize	7130383
abnormal	7111490
mud	7110577
raises	7106839
secrets	7105545
singular	7102936
robust	7102437
noting	7101812
labeled	7099901
escaped	7099079
genre	7097429
climb	7091477
thread	7087507
similarity	7086738
stir	7083582
cure	7081887
resting	7081281
needle	7078921
metaphor	7075991
stops	7069014
locally	7068804
shallow	7064980
passengers	7056530
norm	7056127
reign	7054151
submission	7053617
swimming	7045154
rape	7042778
span	7036894
patience	7036838
vocabulary	7036633
trips	7032495
dressing	7030726
mandatory	7025658
arguing	7024238
cigarette	7023031
restored	7022765
rid	7021962
consisted	7019884
peers	7015281
remedy	7014894
expressing	7011724
struggling	7011292
spare	7006378
alpha	6999783
premium	6999263
arose	6996620
jail	6992825
elaborate	6992177
remind	6991277
varieties	6987626
draws	6986591
dense	6985913
conceived	6984544
beds	6984307
tear	6983953
exhausted	6983128
ranges	6979290
responding	6978774
flame	6978617
annually	6978349
likes	6975895
ratios	6975373
subjected	6973835
prospects	6972257
closure	6970614
chapel	6967746
waved	6958551
adventure	6956041
supplement	6950905
paragraphs	6946500
beloved	6944376
trap	6944371
passages	6943630
questioned	6940447
hire	6928162
autumn	6924251
definite	6923565
drinks	6917255
surplus	6909151
fans	6904730
reads	6900775
rage	6899216
votes	6896315
leaning	6896297
twin	6893077
awake	6891156
joining	6887574
throwing	6886670
connecting	6882835
fibers	6882668
viewing	6882394
bomb	6875886
walks	6875813
inability	6874206
wealthy	6872650
mum	6864937
pricing	6862932
counted	6862695
demanding	6859192
guaranteed	6855721
induction	6846043
bite	6845870
updated	6843556
render	6836781
exempt	6834571
prayers	6833689
sympathy	6831162
chaos	6828991
inevitably	6824730
sixteen	6824547
breeding	6824379
angles	6822839
fourteen	6820573
constraint	6817767
suspicion	6815466
perceive	6811532
tab	6809956
caution	6808456
succession	6806914
rang	6805603
ranks	6800553
impressed	6800252
peculiar	6790882
visitor	6790591
clubs	6789370
lined	6784841
sharply	6781834
quest	6779907
offset	6776022
merit	6771347
portions	6770890
delicate	6770020
transit	6768842
picking	6768417
intrinsic	6767816
broadly	6766508
fantasy	6764510
imply	6760999
historian	6759182
flour	6753469
rode	6752581
carriage	6751441
shade	6749478
bore	6746949
consumed	6746665
relieved	6741319
convince	6738562
pronounced	6735600
romance	6730943
celebrated	6728025
drops	6725769
failures	6724611
hostile	6719094
doses	6719029
gang	6717757
prejudice	6714998
trusted	6714660
twisted	6712635
severity	6711617
scenarios	6709234
brick	6708168
claiming	6705164
quote	6703723
sustain	6695532
rod	6695130
clinic	6694628
ego	6692276
suited	6690441
assumes	6689540
fitting	6680440
designer	6679370
urged	6678239
convert	6677629
enjoying	6677047
expecting	6676284
whereby	6675585
stressed	6674890
specimen	6673946
fence	6673513
shocked	6672969
handled	6665479
imported	6659173
urge	6656645
kidney	6656464
breathe	6655042
religions	6654308
couples	6651710
noun	6647435
campaigns	6647243
readings	6645620
golf	6639413
spots	6638162
identifies	6633810
enters	6631055
believing	6628753
pat	6624637
mighty	6623564
objection	6621728
evidently	6620875
hint	6616527
counting	6612581
react	6609006
pursued	6607768
sigh	6605722
witnessed	6604731
projection	6603773
suppliers	6603760
curiosity	6601784
poorly	6601507
pants	6601199
flowing	6599337
grows	6597436
tag	6596951
clearing	6593417
goodness	6588416
volunteers	6586273
mate	6584941
defect	6584900
develops	6584491
formally	6583127
faint	6580256
scan	6580189
brave	6575752
drives	6574098
regards	6572080
invitation	6569860
hurry	6566664
enabling	6565757
electoral	6564163
pit	6563020
advocate	6559971
vacuum	6559698
midnight	6557041
upstairs	6556281
audiences	6556155
knocked	6553432
tourist	6550876
governed	6548149
retrieval	6545370
folded	6544689
folks	6543549
harsh	6542691
purchasing	6539457
corridor	6538419
combining	6538211
certainty	6537445
incidents	6536095
thumb	6530477
locate	6530058
holder	6529572
traveled	6529422
operates	6525290
gentlemen	6523590
incurred	6523308
spreading	6522675
awful	6522012
incentive	6519312
struggled	6518908
neighbor	6506538
appearing	6506217
continent	6504673
neglect	6500428
controller	6488631
oldest	6481891
whoever	6478676
lion	6478516
closest	6476299
nerves	6475476
endless	6473817
trunk	6451705
compete	6446439
positively	6444416
mysterious	6439513
deciding	6439085
ticket	6438801
cumulative	6435553
allocated	6433493
atom	6433475
solved	6429764
delta	6426157
grades	6425216
prolonged	6421734
dishes	6421385
refusal	6419476
vein	6413784
envelope	6413468
eaten	6410590
blessing	6410434
stating	6409461
organize	6407613
obliged	6407608
humor	6406302
credits	6402535
frowned	6397316
scattering	6389040
scholar	6388483
highlight	6386108
beast	6384002
magazines	6379696
crash	6372087
spell	6371247
fusion	6368657
genius	6367801
decay	6367722
exam	6366017
notable	6364579
jet	6363996
protocols	6361210
phrases	6358572
volunteer	6358400
odds	6356782
lasting	6353351
eighth	6343559
swing	6339835
torn	6339252
ordering	6338759
balls	6334205
pin	6328909
dragon	6328288
remarked	6328247
sic	6321993
favorable	6320954
assure	6320279
severely	6317321
inclined	6316274
stresses	6315856
highlights	6315392
dish	6311738
distances	6310434
remark	6308945
fires	6306750
matched	6304921
ports	6304081
legally	6303505
planted	6302207
respected	6301777
ignorance	6300900
joke	6295736
tense	6292490
frightened	6291428
pose	6290611
shelf	6287018
pity	6286725
designing	6286358
camps	6285738
lamp	6285645
relax	6284957
discount	6281991
layout	6279050
lungs	6278815
torture	6278455
cared	6267782
soup	6264976
linking	6263960
regret	6263571
assembled	6263262
proceeded	6261222
diplomatic	6260725
racism	6260115
tanks	6259540
stolen	6257918
stake	6257719
leisure	6256614
horn	6254830
beta	6250411
planes	6249847
correspond	6242896
drawings	6239281
cope	6237367
coding	6230257
deserve	6230155
coupling	6227195
answering	6226634
markers	6225321
firing	6225127
burns	6224496
ho	6224445
affection	6218219
knock	6214261
seldom	6212346
hazard	6208612
grab	6208342
accounted	6205778
dragged	6202901
impulse	6201484
winds	6200745
labels	6200323
outlook	6194276
graphic	6190979
fatal	6190619
asserted	6189642
surviving	6187750
attendance	6183179
revealing	6179462
tremendous	6173795
beans	6173793
pending	6171477
authentic	6170975
relied	6163506
inherited	6163097
adequately	6158625
keen	6157937
owing	6155905
bass	6152117
observing	6151700
despair	6151157
licensed	6148142
biography	6145623
stare	6145414
nominal	6143934
beef	6143375
patch	6141257
discusses	6140467
buffer	6138440
cruel	6133829
maintains	6126479
respects	6119662
packet	6118319
compatible	6118174
presently	6117799
attraction	6108136
meters	6106983
incomplete	6100149
mines	6093177
posed	6091926
compassion	6090359
legend	6089168
chip	6086377
crude	6080643
collar	6079759
anonymous	6078665
intact	6076652
jazz	6074053
supervisor	6073392
lectures	6072374
guides	6064261
singer	6064040
fame	6063413
lonely	6060669
eliminated	6060048
rested	6053049
forcing	6052812
alternate	6051453
corrected	6045419
blanket	6044732
instructed	6038466
ash	6037045
sue	6025002
traces	6022138
capitalist	6016269
indirectly	6009571
derive	6009494
reversed	6003212
corners	6002144
beating	5999176
cooked	5993462
stance	5991946
swallowed	5990612
spotted	5984929
expedition	5979073
lords	5978223
minorities	5977564
forgot	5974411
quit	5972516
publish	5967421
deduction	5964092
triangle	5962941
disappear	5962561
enforce	5958806
trapped	5958685
pays	5957529
impaired	5955872
concert	5954932
interim	5953679
licensing	5949051
tin	5940118
washing	5939729
fuzzy	5939331
breakdown	5939090
behave	5937097
crowded	5935214
shots	5934246
serial	5927663
cats	5926176
clarity	5924045
supporters	5923368
orthodox	5922818
strains	5920607
scarcely	5918148
complained	5914745
vegetable	5913686
muttered	5913274
vague	5911603
stack	5909986
alignment	5907245
killer	5905972
rises	5905137
renewed	5904592
sponsored	5901590
scientist	5901298
sits	5898900
gaps	5896730
arriving	5894790
databases	5894223
offensive	5894018
fitted	5893225
inhibition	5892772
contest	5892490
mankind	5891675
arrange	5879435
defeated	5878751
wicked	5877518
analyzing	5873468
judged	5872589
convey	5869142
drain	5865708
ancestors	5864721
tactics	5863166
bother	5861964
heated	5861675
loads	5857583
races	5856114
thorough	5846663
bunch	5842451
induce	5842368
switching	5840322
purchases	5839347
rounded	5835544
ruler	5828286
assertion	5811978
fits	5811722
hook	5805909
penalties	5805844
bend	5799448
marker	5799306
poets	5798337
hollow	5797512
neglected	5794595
abortion	5790684
chopped	5789980
echo	5789863
strikes	5789455
declare	5783528
kit	5777639
scanning	5775402
intend	5772675
consult	5771267
woke	5767432
bridges	5767224
unfair	5765326
verify	5762762
defensive	5761225
concludes	5760357
wrist	5758568
vectors	5758143
ceased	5756915
exchanges	5751627
metric	5748955
automobile	5748416
decreasing	5747954
signaling	5746657
adapt	5745647
jeans	5744982
compelling	5743965
invite	5742441
lifting	5741165
fur	5739666
circuits	5736769
utilities	5731276
ugly	5731070
ambassador	5725414
miracle	5725035
dull	5720428
bin	5719779
potatoes	5716813
feasible	5710081
kick	5710074
urgent	5707999
sketch	5700281
ours	5697879
explosion	5696876
derivative	5694174
coherent	5690158
exclude	5690025
unified	5687055
mentally	5682250
struggles	5678892
posts	5665075
triumph	5662742
privileges	5661610
maker	5659448
silicon	5654772
editing	5649092
popularity	5649064
sunlight	5646794
treasure	5646532
offenders	5642107
excluding	5640816
kicked	5639937
screamed	5638572
joints	5632681
compute	5632160
basket	5630715
trick	5622191
officially	5620145
openly	5617981
motives	5616107
racing	5615278
disturbed	5606030
gaining	5604907
commented	5596441
spray	5592758
successive	5592236
proximity	5591735
sliding	5584439
null	5583966
decent	5582172
termed	5581425
disc	5578117
lightning	5575480
junction	5571182
subsidiary	5569360
casual	5567513
skull	5561371
steep	5553197
toll	5552403
posted	5550290
dropping	5550035
pi	5547248
plots	5543790
noon	5537069
complement	5533866
heights	5529909
deeds	5529051
insects	5523503
horrible	5523210
accidents	5523086
viable	5522329
rationale	5520948
summarized	5520268
convicted	5518615
bind	5516144
exercised	5512314
depths	5512010
lending	5511930
albeit	5509702
depressed	5509132
luxury	5506725
squares	5504444
friction	5503049
clauses	5502561
creator	5501973
suits	5499156
climbing	5497525
sang	5494147
arena	5491979
simplicity	5485148
panels	5484938
omitted	5482027
founding	5479122
silly	5478071
consultant	5477531
successor	5475976
opposing	5471782
borne	5466445
incorrect	5466268
tune	5464023
utterly	5460501
smallest	5458146
mercury	5455772
symmetry	5454998
interfere	5450385
lodge	5444706
minded	5442690
elegant	5440325
undertake	5437018
chap	5436081
perfection	5435031
ideals	5434932
rituals	5432243
motions	5430992
invented	5430893
allowance	5429441
hatred	5429328
laying	5428140
porter	5425176
doubts	5422720
automated	5419560
wheels	5419179
extracted	5419163
analogy	5417572
enhancing	5416944
cow	5415363
reluctant	5415077
integrate	5406866
coping	5406031
useless	5405213
differs	5404884
deliberate	5404304
handful	5401336
advocates	5400786
strings	5398489
sheer	5395340
assign	5392476
mandate	5391073
searched	5390568
optional	5385655
unclear	5382616
peaks	5381616
shaping	5381111
incredible	5377461
lemon	5370772
shining	5370306
verses	5370187
dealer	5368007
overlap	5364949
margins	5360652
dies	5349112
opponents	5345945
polar	5340892
musicians	5339413
cease	5336234
dangers	5335743
revenge	5333922
ban	5328600
rewards	5327539
equals	5326627
exceeds	5323598
supplier	5323194
screaming	5319916
clever	5319055
ken	5317945
anatomy	5313368
blew	5312104
rival	5311419
paradise	5308442
casting	5304902
monster	5304309
ignoring	5302455
imaginary	5301188
reviewing	5295472
inference	5292607
drank	5290971
poetic	5288228
stiff	5285227
motive	5281988
pursuing	5280148
illusion	5278454
execute	5277753
immense	5277259
tourists	5272899
overnight	5271536
dilemma	5270657
lasted	5270023
packages	5269938
prompted	5268288
vain	5263690
fragment	5263027
tubes	5255692
blocked	5254179
charts	5252479
abandon	5249348
kindness	5244445
inclusive	5244183
confronted	5239536
qualify	5237998
comedy	5237682
bullet	5236362
occupy	5236312
deadline	5235008
underneath	5234787
deed	5234174
obey	5234141
charitable	5231709
nest	5227224
breeze	5226080
hosts	5219586
virtues	5219525
tenth	5212860
steadily	5210349
heels	5207445
drift	5205595
traced	5205453
attorneys	5203248
episodes	5201404
vacation	5198421
beaten	5198416
eagle	5193990
negotiate	5192757
wiped	5191405
gradual	5188237
harmful	5186766
denote	5180885
coin	5179930
replacing	5178560
dot	5173346
sealed	5172890
sensible	5172003
cylinder	5169827
processor	5169492
amend	5163483
unstable	5162232
parked	5161793
costly	5159667
bending	5158243
foolish	5157876
flames	5157305
murdered	5157014
celebrate	5156769
aloud	5155215
pig	5153116
fierce	5149046
oneself	5147213
glorious	5146223
loyal	5144875
gut	5140754
bottles	5140699
heroes	5134403
encounters	5134381
lacked	5130613
sexually	5129704
unhappy	5128956
marital	5125260
clarify	5122220
genetics	5117280
merits	5116886
exchanged	5113740
compelled	5111555
featured	5109074
prompt	5108702
preface	5104361
customary	5103764
privileged	5095518
repetition	5095390
darling	5094238
deadly	5092826
cathedral	5091506
cult	5084596
packaging	5080913
secondly	5080611
dim	5080255
owe	5078609
pretend	5077522
imperative	5072543
curse	5070750
pie	5070569
promptly	5068096
recipients	5066975
transient	5066191
squeezed	5061967
catching	5060680
editions	5059405
positioned	5057826
clearance	5056522
ladder	5052869
cameras	5048479
boom	5044708
glow	5043558
owed	5043420
verbs	5042796
install	5040691
pockets	5039526
theft	5039525
adopting	5038479
fulfilled	5037234
rulers	5034108
meter	5034005
garage	5033291
headache	5031868
rolls	5031679
stretching	5027262
suspicious	5023312
comprising	5022745
tragic	5021002
weird	5020510
ups	5015315
consuming	5014894
matches	5012577
prayed	5007814
crystals	5005099
believers	5004602
arrows	5000244
careers	4998704
album	4995288
mutually	4991532
propaganda	4990081
upright	4988031
nuts	4987875
withdraw	4985821
salaries	4984665
convincing	4978044
graphics	4976914
purity	4974350
baking	4973064
limbs	4972292
forbidden	4972270
travels	4972175
observers	4969195
completing	4967309
partition	4960846
communal	4959710
icon	4959067
condemned	4955257
analyst	4949833
marking	4948681
networking	4942822
buttons	4938421
penguin	4936536
sends	4934544
satisfying	4925530
filters	4925427
assert	4922357
vocal	4921882
recognizes	4917156
coins	4915699
recipe	4911699
inverse	4906999
insist	4905944
edit	4905216
barrel	4903070
continuum	4901642
happily	4901553
ink	4900425
granting	4899168
stems	4896134
humble	4895835
sponsor	4894665
mistaken	4891898
awkward	4884780
limb	4880995
switched	4877893
smiles	4876915
objections	4876079
lovers	4875678
fulfill	4873773
accompany	4869394
commons	4866274
tooth	4865886
crushed	4864507
refined	4855421
collapsed	4854156
soap	4853135
scream	4851123
prone	4850564
sentiment	4849573
ruin	4849125
basement	4847627
accord	4845960
orbit	4843859
practiced	4834682
sail	4833969
archive	4832876
forecast	4828597
monitored	4824262
examines	4824257
hazards	4823403
speeches	4823229
lengths	4817272
rendering	4816702
magical	4816402
realizing	4814315
radar	4812354
rated	4808035
guinea	4807867
delicious	4805730
warming	4804122
prevents	4804063
hiring	4801626
cage	4800059
graphs	4797209
cliff	4791000
borrowed	4787270
trucks	4786381
weaknesses	4779017
physiology	4778454
conspiracy	4777415
initiate	4775012
prose	4773275
emphasizes	4769412
downstairs	4769031
modules	4768135
generates	4762853
plea	4761003
employing	4756342
delighted	4754353
voted	4752426
heavens	4750422
blocking	4749232
charming	4747970
afterward	4746437
comic	4745569
ridiculous	4738807
approve	4735385
agrees	4734283
startled	4731655
buyers	4724615
shouting	4719240
delivering	4717984
dug	4713139
irrelevant	4713038
advise	4712777
stepping	4711362
expresses	4704094
variant	4703415
ambitious	4701406
dig	4699982
balancing	4697100
lets	4694577
straw	4690948
sank	4688367
robot	4683462
relies	4683273
integer	4681528
denying	4679902
contempt	4677820
pipeline	4677766
hay	4675066
poison	4672565
welcomed	4671690
stationary	4669575
holidays	4663778
frustrated	4663606
generator	4663255
critic	4663002
guiding	4662573
reductions	4660673
tickets	4658352
twins	4657328
penny	4657083
emerges	4656863
miserable	4655358
charm	4654256
museums	4653314
ambiguous	4648744
privately	4648382
detector	4648240
swear	4647589
temper	4647439
comprised	4646171
elevator	4645727
carpet	4635463
blast	4635193
brass	4630529
persuade	4630394
brigade	4627359
accustomed	4625264
truths	4625061
loudly	4624615
undergo	4623780
interfaces	4618348
offspring	4617888
beard	4617578
offerings	4615596
colleague	4612392
declining	4611009
chips	4610568
brands	4609468
sect	4604953
hits	4604642
acquiring	4601620
trains	4600341
imposing	4599300
fashioned	4598153
potato	4595840
steering	4594543
syntax	4594316
oppression	4592015
enclosed	4590846
conversely	4589371
strongest	4589288
negotiated	4584480
lobby	4577544
concluding	4576278
guarantees	4574515
tray	4573857
peasants	4573386
translate	4572232
appraisal	4567892
designers	4567861
dividing	4566500
opponent	4566239
accent	4564592
boot	4562228
monopoly	4560850
rounds	4560372
literal	4554999
bundle	4553091
shells	4552883
stimulate	4551182
socialism	4547879
fork	4544421
peasant	4543859
holders	4543371
wrap	4542372
steal	4541908
meantime	4538917
lesbian	4537863
wit	4537361
subset	4530254
publicity	4518079
rabbit	4514221
packing	4512798
therein	4512158
damned	4511728
simplified	4510341
damp	4509558
textual	4508533
wishing	4507110
lately	4505320
hopefully	4503887
beg	4503727
trinity	4502079
floors	4500538
blown	4500044
specialty	4494608
halt	4479870
postal	4479124
boiling	4478715
simulated	4476763
triple	4475048
schedules	4474059
rhetorical	4473966
refusing	4472777
bandwidth	4468945
aligned	4468615
blues	4467610
misery	4466931
gloves	4465473
risen	4465254
taxi	4465158
hitting	4460250
notation	4459018
restrict	4458161
slice	4455989
verdict	4453471
warehouse	4450687
twist	4449044
randomly	4449033
witch	4449004
profitable	4447708
punch	4447105
passionate	4446865
scheduling	4445982
favored	4445246
introduces	4444701
govern	4443976
pencil	4440751
evolving	4440637
finishing	4439976
toys	4439650
skirt	4435660
offender	4428267
plausible	4428069
pupil	4427185
exotic	4426629
preserving	4426526
compiled	4425997
developers	4420463
performs	4419645
praying	4418910
analogous	4417785
swim	4416304
myths	4414061
toilet	4412078
conform	4411700
instinct	4409515
curtain	4408707
coarse	4408042
withdrawn	4404745
factories	4402319
journalist	4399332
factual	4397728
tennis	4397620
promotes	4395109
decides	4390597
planting	4388653
deaf	4387958
flashed	4386494
closet	4385309
toe	4383780
ashamed	4378439
fairy	4376626
insertion	4376460
drying	4376059
depended	4373205
releases	4369119
blowing	4367556
servers	4365987
phones	4365118
bubble	4363830
attach	4363064
honestly	4362942
obscure	4360889
winner	4360679
criticized	4360354
attain	4357025
encourages	4351396
fossil	4350901
trusts	4348399
fond	4346519
rests	4345631
echoed	4343825
shoe	4337952
ram	4337022
remarkably	4335836
nonsense	4334289
routing	4332708
flies	4331635
vanished	4331518
fog	4330773
terminated	4329693
triggered	4329544
cries	4324885
bark	4324547
bat	4318546
hammer	4318359
dozens	4317690
delays	4314093
proposes	4311543
lacks	4309387
melt	4307130
paradox	4296683
drum	4294368
descended	4293021
advancing	4290569
fragile	4287573
ambiguity	4286347
stirring	4285909
settling	4285604
disposed	4281648
sadly	4281297
toes	4280384
notify	4279927
girlfriend	4278888
towers	4275522
presumed	4275133
injustice	4275078
fairness	4274565
slower	4273639
vendor	4273190
uncommon	4273117
clue	4272886
disagree	4271784
persuaded	4270866
orchestra	4268062
exceeding	4257828
insect	4257489
toy	4255791
signing	4255075
leap	4252475
countless	4252383
guitar	4249264
tiger	4248871
missile	4248645
screw	4244358
chat	4244124
onion	4244054
brains	4243666
pad	4242920
comprises	4242486
natives	4240099
backs	4238504
lawn	4237635
maximize	4236036
denotes	4234915
dominate	4227983
supposedly	4226369
fortunate	4223936
lighter	4220591
lowering	4220021
printer	4219990
champion	4218065
confront	4217899
stamp	4215479
reminds	4213327
notices	4212758
viruses	4210375
stark	4210350
cleaned	4210234
talents	4209504
licenses	4208381
finest	4207125
burnt	4206612
innocence	4205122
charging	4202942
flavor	4194132
temptation	4192627
algebra	4187435
optimum	4185589
traded	4183019
vicinity	4175534
differing	4173423
acoustic	4171500
drill	4169981
appealing	4167166
graduated	4165197
landlord	4163666
doe	4160146
enforced	4159788
utter	4158693
guessed	4157224
sums	4154158
dismiss	4153570
sticks	4152241
freezing	4151513
shy	4149714
enjoyment	4148792
borrowing	4148775
kindly	4146497
epic	4144897
jumping	4142677
spelling	4141196
formats	4140512
cracked	4138507
foreigners	4138354
hid	4137717
prints	4136785
bless	4136727
complain	4135966
originated	4133634
catalog	4128213
pragmatic	4127859
ton	4127632
adventures	4126936
fuller	4124977
hut	4122482
appealed	4121281
accepts	4120349
citing	4119174
judging	4117366
bean	4116143
estimating	4114974
corrupt	4114559
unaware	4113854
exploit	4113273
ignorant	4108069
dealers	4107993
neat	4103541
disruption	4102356
deprived	4100610
stirred	4099275
diagrams	4094800
sounding	4093771
practicing	4090240
stimulated	4089296
reactor	4089045
scarce	4088777
plug	4087760
delete	4086907
numbered	4085221
balances	4081755
breathed	4080430
sometime	4080059
mortal	4078029
admiration	4076799
lid	4072552
polite	4069442
bye	4069288
matrices	4066838
irony	4066292
expose	4065890
wandering	4065707
elect	4065319
quotation	4064051
sentencing	4063537
gasoline	4062440
constants	4059966
specially	4058964
graduates	4055907
owns	4055408
keywords	4055186
routinely	4054828
punished	4052302
preaching	4050983
teaches	4044815
jointly	4044493
intellect	4043295
slowed	4036796
outputs	4036449
goodbye	4034621
bounds	4030526
tendencies	4029372
symptom	4027144
pigs	4026615
proving	4025743
sunshine	4023947
heroic	4023309
huh	4021907
disturbing	4021577
prevalent	4020497
simplest	4020077
ensures	4017954
administer	4016032
weary	4016023
tones	4012002
repeating	4011177
issuing	4010787
warn	4008861
ruins	4008512
nails	4007530
criminals	4004852
buck	4003879
digest	3999569
cows	3998730
password	3996262
definitive	3994211
exceeded	3992475
morally	3988882
ruined	3983115
fantastic	3979024
rightly	3979018
stuffed	3978337
relying	3978236
contacted	3977831
concealed	3971605
batch	3969139
naming	3969123
terrorists	3967104
variants	3963709
shout	3961891
liquor	3957921
winding	3955656
misleading	3954000
chorus	3952319
tempted	3950597
trails	3949619
daylight	3948467
jungle	3946657
unpleasant	3939845
sequential	3939594
extensions	3936949
borrow	3934176
confess	3932969
arguably	3932289
deserved	3931761
gown	3927526
premise	3927128
troubles	3925957
eternity	3925349
lend	3924039
violate	3923220
boost	3919904
viewpoint	3919132
plague	3918915
nail	3908076
responds	3907533
wonders	3906883
plural	3906604
portable	3904975
pork	3903677
breed	3902380
freeze	3901541
wasted	3901348
prototype	3901264
contention	3900384
cosmic	3899887
communism	3898950
dashed	3898572
distribute	3895009
freed	3893342
compulsory	3890679
drained	3889795
transmit	3888781
lengthy	3887359
invariably	3885908
pains	3885853
madness	3884231
recordings	3884200
pipes	3882900
adjusting	3880558
queries	3879003
rigorous	3878025
observes	3875981
unemployed	3875116
lively	3873392
jealous	3872134
defending	3868201
overlooked	3862118
crowds	3861737
cs	3859915
ideally	3859854
sided	3858392
ham	3858364
helpless	3851843
reminder	3847027
consume	3846557
allegedly	3845583
constructs	3843692
requesting	3842721
copying	3837235
simpler	3836997
whatsoever	3836547
improves	3835368
strips	3832510
stunned	3830827
duck	3830751
boring	3829520
councils	3829050
minus	3827949
ample	3827551
repairs	3827191
terrified	3826112
defended	3824550
sermon	3821249
tomato	3820774
textbook	3819999
quotes	3814811
paste	3814558
separating	3814332
bonus	3810707
sailing	3809417
logs	3804287
youngest	3804108
updates	3800969
modeled	3800714
faults	3800047
compensate	3799882
resume	3798652
directing	3798053
bored	3793020
phoenix	3789505
symmetric	3788331
sweep	3785817
mentions	3785429
bargain	3785168
pizza	3784752
attacking	3784504
ally	3783247
splendid	3783091
unrelated	3782951
scaling	3782015
spiral	3780669
relieve	3776515
safer	3775476
earning	3775221
preceded	3771992
fighter	3770212
sandwich	3769655
seminar	3768537
theirs	3768372
stays	3765327
eh	3765014
asserts	3763871
lest	3759694
unchanged	3758880
sweeping	3758752
unlimited	3758488
doubled	3757666
proves	3757506
swallow	3756652
chancellor	3753960
mist	3750649
threaten	3750600
idle	3747728
solo	3747294
stripped	3745113
fake	3745027
dared	3744735
trivial	3743767
unwilling	3742412
waving	3739797
polished	3736944
composer	3735146
longest	3726227
cruise	3725312
nearer	3724778
sincere	3721082
recalls	3710238
wires	3708637
patches	3705146
searches	3704763
portrayed	3704503
disasters	3702670
digging	3702314
shortage	3699494
fixing	3695483
font	3694854
absurd	3693992
bastard	3691304
tore	3688946
float	3687780
recycling	3687753
premature	3687169
insofar	3686760
unfamiliar	3681426
deserted	3679440
lad	3677039
hardy	3675311
parade	3665057
specifies	3662328
destroying	3661818
microwave	3658965
genuinely	3658963
explosive	3658810
resumed	3658285
distinctly	3658039
conductor	3657635
speeds	3657144
revolt	3655555
selfish	3655551
loses	3655300
taxpayers	3650487
possesses	3650405
inherently	3649326
buses	3649193
wow	3646635
abused	3646426
distortion	3645639
pulls	3644758
boil	3644370
absorb	3642262
evolve	3640921
puzzle	3640501
semantics	3639563
backing	3638869
powered	3638616
pardon	3636836
bothered	3636803
nightmare	3636328
oppose	3633406
alteration	3632795
lust	3631230
deserves	3629496
cooperate	3628488
encoding	3625604
token	3625393
chooses	3624836
fellows	3624300
enlarged	3622016
implicitly	3621878
punish	3620107
rushing	3619007
offenses	3615923
brutal	3606137
bombing	3603032
dreamed	3600393
labeling	3599214
exploited	3598902
scored	3598841
releasing	3595397
risky	3588288
resemble	3588147
danced	3586848
amusement	3583965
incapable	3583324
suppress	3574597
bolt	3573848
analog	3572304
fare	3571947
wrath	3570592
amazed	3569707
sore	3569627
cubic	3568942
opt	3568400
grim	3567768
contracted	3565427
trades	3564042
squeeze	3562950
waking	3562683
advocated	3562317
aided	3561073
crosses	3558621
inviting	3556940
consulted	3556404
combines	3554629
destined	3554474
inserting	3554356
colon	3554343
tactical	3553210
neatly	3551443
sunny	3547519
geology	3546059
confusing	3544342
qualifying	3543689
honesty	3541137
cracks	3537943
featuring	3537275
keyboard	3536996
genocide	3535549
petty	3532606
viewer	3530625
tastes	3528734
bucket	3527505
ambient	3526008
goat	3525915
lump	3523633
incoming	3522084
slightest	3521901
spy	3521408
adviser	3521240
withdrew	3520130
axes	3519324
reproduce	3517935
planets	3517079
wandered	3516821
anticipate	3516716
shine	3516398
undergoing	3514392
resigned	3513261
diesel	3512528
sentiments	3512235
scratch	3512158
builds	3510091
motors	3509530
miracles	3508440
scoring	3507474
kernel	3507354
incredibly	3507115
arrives	3506299
developer	3504580
verified	3500685
gossip	3497840
tomatoes	3497128
scandal	3496436
splitting	3494526
precedent	3493385
radically	3493275
fountain	3491932
sexy	3490911
internally	3489047
batteries	3489039
predicting	3488051
comprise	3486072
monkey	3484129
flip	3481116
advent	3478399
apt	3476765
intervene	3476674
satisfies	3474499
terminate	3473577
sells	3473098
elephant	3472544
cough	3471150
backwards	3470160
puzzled	3469779
rude	3467076
outset	3465782
pseudo	3462946
mirrors	3461798
slices	3461755
pouring	3458442
sung	3452942
transcript	3452125
filtering	3450232
thanked	3449705
indicative	3447813
treats	3445935
gateway	3442588
herd	3440988
raid	3439741
blamed	3437561
dreaming	3437348
sinking	3436964
displaying	3436925
nowadays	3436633
rotating	3436034
orbital	3434183
pavement	3433124
inquiries	3432239
melody	3431814
academics	3431564
intuitive	3431012
loops	3428292
accidental	3428232
wizard	3423698
permitting	3422070
outlines	3421744
overly	3421024
stole	3420526
clues	3418883
curtains	3416195
tackle	3412546
arithmetic	3412120
explores	3411131
defective	3411026
bombs	3409714
trash	3409588
stumbled	3405507
extinction	3400535
fried	3397916
sliced	3397500
exhaust	3394588
helicopter	3394176
optic	3393297
descending	3392187
advisor	3388262
info	3388212
retrieve	3386807
raced	3386047
stealing	3383963
fractions	3381652
needing	3381031
cares	3380569
ribbon	3380548
alcoholic	3379019
wines	3378207
clip	3377139
amber	3376024
tops	3375428
packets	3373014
talented	3372420
ranged	3362587
sailed	3357309
lining	3356615
screens	3352131
retaining	3348562
entails	3344020
indexes	3343621
louder	3342511
mailing	3342299
notified	3340396
multiply	3340041
strangely	3340030
detached	3339736
dreadful	3338706
touches	3338570
gorgeous	3337516
cookies	3336612
dumb	3336171
newsletter	3335969
ace	3335200
coded	3331376
deductions	3331017
exploded	3328499
dread	3327553
secretly	3324148
distracted	3322198
hereby	3320174
grouped	3319255
blades	3318474
fulfilling	3317419
dragging	3316666
dip	3316485
urgency	3313745
exercising	3311967
cheaper	3311756
devised	3310595
distorted	3307791
sacrifices	3306924
garbage	3306227
quotations	3305929
strive	3305633
rack	3305342
poses	3305144
standpoint	3303041
slides	3302038
slim	3299593
inhibit	3299254
corpse	3298990
oriental	3297939
deleted	3295094
tire	3293577
baked	3293357
newer	3293265
honored	3288787
glowing	3287357
fictional	3285501
mob	3285323
venue	3281146
tens	3279517
smoothly	3278968
polynomial	3272155
invoked	3271933
ozone	3271893
graduation	3270478
spacing	3268045
heel	3267952
bang	3266044
tracing	3264385
dial	3264198
worrying	3262788
clearer	3261053
teenage	3258879
lied	3257447
champagne	3257428
optimistic	3253629
linkage	3253115
derives	3252624
wartime	3250009
weigh	3249391
foam	3248530
sustaining	3247839
trousers	3243125
communists	3241023
resembles	3238421
echoes	3236923
extracts	3235725
nasty	3235074
tolerate	3230416
warnings	3230213
skip	3229100
bidding	3229060
desktop	3226355
pumps	3224625
terribly	3221533
parallels	3219965
disgust	3219829
brethren	3218529
worries	3217684
ringing	3215995
sticking	3213245
pulses	3212617
aliens	3212277
imagining	3210431
sentenced	3210404
plainly	3209328
invalid	3206900
doubtful	3200711
topical	3200169
flooding	3199598
expects	3199171
mounting	3198971
beasts	3195832
confirms	3194764
designate	3193629
envy	3193425
yearly	3191148
switches	3189650
foul	3185970
bells	3183082
sprang	3182399
teenagers	3181680
lazy	3181113
atlas	3174314
finances	3174261
compressed	3170730
comprehend	3170725
attendant	3170711
rainbow	3170468
housed	3170267
tricks	3169984
additions	3169530
summarize	3169367
ashes	3168299
converting	3166729
declares	3165931
persist	3163800
refuses	3162368
deity	3162128
wins	3160737
bullets	3159578
appoint	3156188
jokes	3155357
plotted	3152034
hitherto	3151338
mysteries	3149195
conceive	3149171
blows	3147966
credible	3143181
bicycle	3140690
damaging	3140012
eagerly	3138583
perpetual	3137387
mold	3133580
racist	3133457
declaring	3132992
multiplied	3132527
recruited	3131794
sights	3130247
slot	3130093
detecting	3127163
compares	3127043
resolving	3120819
agony	3120417
connects	3120352
wastes	3119017
flush	3117606
evenly	3115873
flushed	3115087
farewell	3113029
ripped	3112863
merry	3112493
uneasy	3111433
slipping	3107382
cam	3106385
eventual	3104904
duly	3103164
unusually	3101092
bake	3101033
protects	3101015
shiny	3100089
amused	3098178
basics	3097873
cheerful	3097366
recipes	3095915
usefulness	3093776
vicious	3088739
aerial	3086640
inspire	3083141
pumping	3082741
toast	3081469
assisting	3077619
amateur	3076868
textbooks	3076223
annoyed	3076104
console	3075642
digit	3074700
wills	3074648
allowances	3073224
unwanted	3072951
discarded	3072347
insists	3072210
prohibit	3072091
crisp	3071992
replies	3071370
forgetting	3070560
deepest	3068824
knocking	3068677
rocket	3068561
sterile	3068211
pharmacy	3067777
wade	3064746
imperfect	3064361
firstly	3062980
irrational	3062897
apology	3061387
eminent	3061354
grouping	3060870
uniformly	3059507
skeleton	3055400
shone	3054498
daring	3053518
squad	3051350
insane	3047805
negligible	3046189
dusty	3046048
prevail	3045707
cancel	3045533
dots	3045111
storms	3044897
staircase	3042811
hints	3042394
dash	3040887
hears	3037943
cite	3037709
merged	3035773
politician	3034459
famine	3034030
heap	3030805
folding	3030219
noisy	3027512
jam	3027329
admire	3021968
halls	3021487
imprisoned	3019785
locals	3018326
fry	3017476
poll	3016925
educate	3016597
shades	3015803
pretending	3015366
shelves	3011873
imminent	3008243
liberties	3007120
employs	3006310
popped	3005168
thief	3004954
cue	3001200
canonical	2998323
shaken	2992812
committing	2991757
barred	2991551
bypass	2990442
locks	2988796
seals	2988783
mock	2988139
shorts	2987924
sworn	2985856
delightful	2985513
valves	2985299
cute	2984125
poisoning	2982409
pulp	2981612
caps	2974241
ironic	2973516
quoting	2972804
recruiting	2971226
idiot	2970617
poster	2969067
rejecting	2968855
logging	2968310
lenses	2968090
umbrella	2967626
sorting	2966536
flowed	2964887
smoked	2964863
remembers	2963916
handles	2961755
crush	2960913
rash	2959582
insult	2958928
supervised	2958900
globally	2957578
loosely	2956779
moderately	2954568
criticisms	2954436
insistence	2954169
hats	2952647
dive	2951688
frankly	2949937
sterling	2949170
vintage	2947073
fetch	2945605
biased	2941371
activate	2938289
wipe	2938242
watches	2936881
lag	2936828
rub	2934996
lent	2934824
queue	2934764
uniquely	2933272
cracking	2931927
reluctance	2924694
footnote	2924090
intends	2921390
cruelty	2921048
manipulate	2920926
whichever	2920541
modifying	2920334
worthwhile	2920157
irritation	2919990
upwards	2914799
visually	2914015
registers	2913984
shocks	2912283
specifying	2911526
awaiting	2903157
metro	2901578
lethal	2900094
retire	2899636
diagonal	2897344
handy	2894666
admits	2893345
creep	2892714
classics	2891189
seeming	2890624
bliss	2890481
coke	2890404
recovering	2886436
beats	2882740
signatures	2879370
yourselves	2878946
scripts	2878098
wildly	2877800
pretended	2877335
monitors	2875280
dresses	2873505
persuasion	2872793
aiming	2872215
banned	2870556
maize	2870326
voter	2867090
cables	2866941
refrain	2865767
conceal	2863021
weekends	2862503
banner	2861517
reside	2860550
hum	2860492
chaotic	2857612
flooded	2857030
guarded	2854512
akin	2854421
legendary	2854147
laughs	2852021
ingredient	2851776
flags	2848397
symphony	2844510
whale	2844480
ensured	2842010
helmet	2840706
exposing	2838087
logically	2837012
listener	2835523
homosexual	2835439
kicking	2835312
flipped	2833772
folds	2833690
filtered	2830495
reasoned	2828253
ballot	2827212
poorer	2826311
dances	2825001
recommends	2824603
sack	2823414
heavier	2823270
tuning	2822982
brake	2822219
spill	2821881
examiner	2820902
boiled	2818926
fringe	2817736
cooled	2816937
routines	2813401
nay	2811860
throws	2811320
pleasing	2809001
chuck	2807980
contend	2807765
seminars	2804348
reformed	2803666
grinding	2800956
nicely	2797939
debated	2796736
flashing	2794648
fills	2792163
recruit	2791515
passport	2790819
highways	2790704
inspect	2785547
merge	2784379
continual	2783748
antique	2780425
drafting	2780129
converts	2779441
capturing	2779034
violently	2777081
dotted	2776688
doubtless	2776593
missiles	2775518
announce	2774249
toss	2773188
syntactic	2772327
shipped	2771069
evenings	2770903
restoring	2770706
inquired	2770500
bury	2769853
sunk	2768851
piles	2767982
tasted	2767954
noticeable	2767142
authorize	2767105
contour	2762840
murders	2761969
respecting	2755116
smells	2752212
arrays	2750791
adjective	2750294
requisite	2749375
notorious	2747220
billions	2747188
dialect	2746855
referenced	2746512
mythology	2745926
memorable	2745669
policeman	2743034
nouns	2739798
alas	2739739
suffers	2735588
pills	2735490
differed	2734852
infinitely	2732698
nut	2728438
upside	2726721
overcoming	2726700
sketches	2725528
grabbing	2724691
hesitate	2723823
preferable	2722968
closes	2722960
congestion	2722030
urging	2719433
noticing	2718406
cured	2715562
header	2715461
cites	2711558
supplying	2710833
provoked	2709917
endeavor	2707925
interrupt	2706077
reacted	2705838
murderer	2705669
honors	2703991
possessing	2701506
summarizes	2700681
relay	2698141
coats	2697805
suffice	2696873
reflex	2696482
chasing	2696238
teenager	2695891
sideways	2694904
repetitive	2694013
believer	2693516
sober	2691972
enhances	2691919
disguise	2688690
warranty	2685960
swore	2685011
allowable	2684292
rumors	2683438
nets	2683003
declines	2682952
mapped	2682810
statistic	2681289
vet	2679449
civilized	2678435
whistle	2678228
needles	2678111
manages	2677034
suspects	2676939
advisers	2676817
sincerely	2675200
sticky	2675167
bizarre	2675133
forecasts	2675024
tailored	2673509
directives	2672290
monarch	2670403
traps	2667745
wander	2665479
tolerated	2664766
intensely	2663762
thankful	2663062
drafted	2662490
outright	2661280
disregard	2659699
musician	2657262
binds	2656534
sampled	2656357
classify	2655439
harmless	2654474
oppressed	2653970
omission	2652674
nationally	2652625
curiously	2652103
allergic	2650878
scarlet	2649312
refund	2649198
calculus	2647611
tearing	2647373
diving	2645818
fights	2644563
induces	2643280
brightness	2642450
handing	2642267
leak	2641317
cricket	2641183
algebraic	2640722
decimal	2640089
richer	2639827
fines	2639760
vaguely	2636509
feeds	2633086
sponsors	2631323
drums	2631227
choir	2630956
invaluable	2630608
socks	2630401
unseen	2627119
graphical	2626860
abolition	2626700
learns	2625860
proposing	2625437
extremes	2625146
happier	2624673
demise	2624668
altering	2623544
anomalies	2622613
enjoys	2622559
align	2622475
scroll	2621726
regain	2621664
fantasies	2620825
fascinated	2618648
hairs	2617929
lyrics	2617782
apologize	2617538
crashed	2617486
froze	2613756
pointer	2610281
succeeding	2608561
hardened	2608228
captures	2607980
translator	2607686
abuses	2607649
triggers	2607465
executing	2607317
adhere	2606413
picks	2606351
objected	2603675
ditch	2601300
scrap	2600983
cube	2600889
naive	2600516
storing	2599269
hurting	2598322
entertain	2596633
hopeless	2596356
tentative	2595732
gum	2594855
adversely	2591567
monkeys	2588792
drowned	2588238
greed	2588053
astronomy	2587167
glue	2586504
thirst	2586437
ballet	2585722
marrying	2585590
willingly	2585411
retains	2585272
novelty	2584470
morals	2582380
preferably	2581701
stall	2581041
chickens	2580386
offended	2580117
processors	2579104
upgrade	2578770
cakes	2578067
indictment	2578048
pins	2577779
hardship	2577088
anguish	2575214
incidental	2574867
quota	2574683
brightly	2573913
wasting	2570523
banana	2569868
populated	2568197
attracting	2566485
spit	2566194
noises	2565797
erroneous	2564647
rivals	2563610
frown	2563206
duplicate	2559663
stunning	2559567
surround	2559519
crawled	2558082
implements	2557919
terminals	2556466
typing	2556361
spreads	2556323
tile	2555419
vowel	2553385
inhabited	2552631
preached	2552420
trusting	2550232
cheer	2549159
proofs	2546416
agreeing	2545458
dislike	2544139
twisting	2541848
unsure	2541751
overtime	2541024
invaded	2540585
isolate	2538466
reconcile	2538417
abolished	2537922
consequent	2537780
updating	2537748
reminding	2537003
occupying	2536609
accumulate	2536022
keeper	2535668
whence	2534829
clash	2534819
spike	2530839
hopeful	2529478
invoke	2527680
ascending	2525663
lecturer	2524870
asserting	2523668
simplify	2522453
manually	2520104
accountant	2520038
disastrous	2518849
tolerant	2515503
wary	2514880
immortal	2514537
mint	2513366
sexes	2512434
implying	2510114
scare	2508591
devote	2506640
satellites	2506291
repertoire	2506009
bricks	2505964
rejects	2502462
infect	2499293
bids	2495747
easiest	2494036
vigorously	2491918
liaison	2490550
telescope	2486760
cycling	2485748
preach	2485704
renders	2485317
wears	2484900
galaxy	2481988
tiles	2481822
accessing	2481279
assigning	2478973
chess	2477638
ethic	2476806
pinch	2473246
confirming	2472953
vat	2472183
bug	2471095
infer	2471012
singers	2470323
donations	2469678
hurts	2468966
logo	2468886
unite	2468665
revise	2467880
disturb	2467776
floated	2464762
removes	2463191
hooked	2462767
inspiring	2462702
guideline	2462417
instruct	2460946
litter	2457814
prescribe	2457621
redundant	2457068
kills	2456464
swap	2455843
installing	2454268
abusive	2453385
worm	2449888
launching	2445869
safeguard	2444608
infinity	2443304
dire	2442020
recalling	2441865
tapes	2441787
wretched	2441177
informing	2440532
sorted	2440197
undergone	2437106
digits	2436551
cans	2429185
doomed	2426013
tires	2424956
parity	2423420
resides	2422067
whiskey	2419382
rip	2418485
squared	2417360
escaping	2414847
vertically	2412195
wrapping	2412128
mentioning	2411678
excludes	2411299
cookie	2409863
encoded	2409448
tempting	2408521
recorder	2407599
rectangle	2400323
robots	2399552
frog	2397750
contacting	2396810
exams	2395508
alphabet	2393811
locating	2392285
mole	2391926
stretches	2391092
assemble	2389288
floods	2388467
initiating	2387750
imbalance	2387171
alarmed	2383710
accelerate	2381952
posters	2381912
engineered	2381052
fastest	2378293
scenery	2375424
dump	2374435
librarian	2373706
biases	2373630
relocation	2372997
biting	2369313
fishes	2366539
tails	2364283
winners	2363206
optimized	2363040
reuse	2359967
generators	2359904
shocking	2358886
welcoming	2358807
competitor	2357336
transforms	2355270
riot	2354492
circulated	2353692
scatter	2353059
admitting	2348205
progressed	2346244
underwent	2346012
sacrificed	2345733
pill	2345373
inquire	2345170
submitting	2344909
expired	2343782
obsolete	2343133
presses	2342251
repaired	2341897
censorship	2341656
donation	2339353
impress	2332401
nominated	2332158
resembled	2331617
arranging	2331320
luggage	2331302
bred	2330905
sued	2330891
halted	2330771
sandwiches	2330160
denies	2329636
dispose	2325878
repeats	2324802
creed	2322389
invites	2322192
mug	2321887
devoid	2321724
enforcing	2321332
referendum	2321327
entail	2320775
behaved	2318511
shouts	2316408
worms	2315368
spaced	2314292
favors	2314130
ancestor	2313834
renew	2313642
warmed	2308691
obsession	2308535
configured	2308231
chord	2308209
queens	2304798
troop	2303338
reckon	2301688
terrifying	2301625
wording	2299615
faculties	2298376
simulate	2297177
locking	2297028
rides	2292297
baggage	2291668
directs	2290755
crawl	2290653
motivate	2290325
advisors	2288349
programmed	2287460
divides	2286929
liking	2284035
monsters	2283703
configure	2283317
inhibited	2281064
concerts	2280181
informs	2279932
fearing	2279355
joins	2279159
spends	2277372
skeptical	2277358
occupies	2277001
inspected	2276603
shakes	2276133
plaster	2275762
bulb	2271208
discounts	2270355
delivers	2269398
throughput	2268770
kidding	2268276
posting	2265684
smashed	2265101
separates	2259648
shoots	2259509
insisting	2257282
safeguards	2255453
hail	2255143
inverted	2252129
lighted	2251144
amplifier	2248620
predicts	2246747
accorded	2246249
distressed	2245840
impending	2244703
allocate	2241828
tuned	2240972
adapting	2237150
disappears	2236110
extant	2235541
tracked	2233930
typed	2233918
icons	2233361
applause	2232876
screams	2232866
inertia	2232713
rabbits	2232676
forgiven	2230661
crushing	2229653
imposes	2228093
oddly	2226765
superb	2225605
restrained	2224583
reckless	2222385
stray	2222079
startling	2221483
dripping	2221225
unfinished	2221077
relaxing	2220621
offending	2219258
planetary	2219188
priced	2218527
amusing	2217450
polls	2215131
tick	2208363
junk	2208151
painfully	2207927
slowing	2205779
tutor	2204523
stamped	2203915
abide	2201166
backbone	2201098
lays	2200816
dumped	2199992
flown	2198803
workload	2197498
prohibits	2192415
orient	2192147
dodge	2191894
rotate	2191453
brackets	2190768
punched	2186364
inducing	2183110
descend	2183009
cleaner	2178549
malicious	2177414
wallet	2174499
compel	2174418
avoids	2174144
concise	2172831
staggered	2169535
coincide	2167945
translates	2167757
scaled	2166584
luckily	2166434
inaccurate	2165202
publishes	2164672
arrogant	2162900
chewing	2161959
resembling	2160536
sweating	2158433
misuse	2157353
inhibits	2157347
clarified	2157204
absorbing	2155849
pushes	2154035
owning	2153448
preview	2152933
thieves	2152200
anthology	2151962
indefinite	2147262
heroin	2146927
careless	2141446
finer	2140994
realms	2140373
deletion	2139837
violin	2138069
unnatural	2137041
wreck	2135036
expands	2134843
trailing	2134515
excuses	2130932
donated	2130085
urges	2129341
suspend	2128795
correlate	2125758
accusation	2125205
snack	2124930
manning	2124771
threatens	2124197
steer	2122441
awaited	2121546
undertook	2120612
swamp	2119671
dumping	2119610
compliment	2118980
compose	2118739
pronoun	2118276
catches	2117381
needless	2116362
announcing	2115314
degraded	2111469
feminists	2111133
rains	2110598
chased	2109538
originate	2107849
sender	2107125
presume	2106132
workings	2104956
wired	2104470
engages	2103592
obeyed	2102744
moaned	2099994
shortest	2099793
irritated	2096723
discourage	2096585
scratched	2091463
lifts	2091400
pumped	2091212
alleviate	2088477
hardest	2087414
provoke	2086645
sigma	2085883
scans	2085553
realizes	2085413
optimize	2084663
lasts	2079669
printers	2079361
arisen	2077655
jerk	2073069
anomaly	2070650
disrupt	2069650
stamps	2069496
manpower	2069485
tunnels	2068360
sunrise	2068048
solicitor	2065105
brighter	2064580
bust	2064177
recruits	2063220
dictate	2063165
labs	2062899
exhaustive	2061970
peanut	2061912
stringent	2061082
externally	2056893
bugs	2056610
spur	2055029
inventions	2054719
worthless	2054291
mod	2053252
condensed	2052976
dummy	2051841
costing	2051799
misfortune	2051736
cardboard	2051725
deter	2049675
causality	2048475
correcting	2048299
quicker	2047915
archaic	2043328
spells	2043318
composers	2042234
wiping	2041340
opted	2040484
pathetic	2037987
flawed	2036790
cartoon	2035905
mailed	2035118
outrage	2032814
bout	2031375
triangles	2029390
greedy	2028408
disposable	2028143
handler	2027053
fools	2026554
evils	2024788
echoing	2023359
admittedly	2020844
miraculous	2017908
mentality	2017192
futile	2016888
rusty	2015234
entirety	2013998
fascist	2013887
nuns	2010960
drunken	2010349
inherit	2008437
starving	2007233
doubling	2006699
filthy	2005882
headline	2003282
poorest	2003144
saves	2002149
flaws	2001895
obtains	2000261
condemn	1999529
owes	1999361
sixties	1996735
suicidal	1994731
conjecture	1994631
packs	1993745
reassuring	1992009
clips	1991607
playground	1991316
nuisance	1990412
swallowing	1990206
recycled	1989125
overlook	1988762
dubious	1988542
arrests	1986526
feeble	1985914
frantic	1985793
nun	1985670
crashing	1985292
ignores	1984510
economical	1984188
projecting	1984173
maze	1983205
crawling	1983066
cunning	1982725
precedence	1982672
curry	1982053
enjoyable	1981714
folders	1981222
rebuilding	1978388
raids	1978387
daytime	1976919
prefers	1976892
prejudices	1976240
refining	1974938
disguised	1974910
bursting	1974293
synonymous	1973320
rotten	1972937
wee	1969388
admirable	1968133
hooks	1967487
clothed	1965377
envisaged	1961737
sinful	1960993
mundane	1953944
prefix	1952102
buys	1950355
immature	1950127
bites	1949774
manuals	1949638
indexed	1947561
glove	1944822
drowning	1944552
rot	1943209
advertised	1940561
preserves	1940237
exploiting	1938466
merging	1937944
unused	1937299
drastic	1936037
trailed	1935642
lasers	1934443
obsessed	1933598
rails	1932479
trumpet	1932077
rebuild	1931938
devise	1931650
hunted	1930102
tailor	1929603
tying	1927708
amending	1926731
jumps	1923713
slippery	1921991
pads	1921351
formatting	1918225
tending	1917151
badge	1915874
compiler	1915153
summed	1914105
hides	1913719
tactic	1911530
educating	1910550
keyword	1910240
ridden	1907734
whales	1907127
await	1905778
relativity	1904681
flashes	1903444
confines	1903353
pedestrian	1903270
alleging	1903159
adopts	1901291
waits	1897953
chalk	1897265
migrate	1896631
spelled	1894134
summaries	1892874
gasp	1891911
narrower	1891451
redundancy	1889592
venues	1889097
commence	1888483
humane	1887925
sine	1887539
scotch	1885309
spies	1883125
confuse	1881287
unaffected	1881060
annoying	1880805
baths	1880719
inventor	1880024
reset	1876118
unreliable	1876037
surprises	1874453
spoil	1874216
vastly	1873738
prizes	1873504
manifesto	1872790
emptied	1872629
slips	1869935
courier	1869482
faulty	1869277
elephants	1868823
restrain	1865620
unlocked	1865587
centrally	1865191
renamed	1863407
conducts	1863125
replaces	1862735
carrots	1860793
sails	1857942
abandoning	1857832
hash	1857759
eccentric	1857316
subscribe	1857280
audible	1856770
identifier	1854152
infamous	1852981
mildly	1852773
stimulates	1852265
bump	1850893
nested	1848993
horrified	1847475
eats	1846791
groan	1845090
bursts	1840733
vinyl	1839718
cabbage	1837357
sinister	1837276
casts	1830273
overload	1830021
scarf	1826949
converse	1826816
paints	1826119
achieves	1825881
razor	1823804
obscured	1821297
doom	1820850
mimic	1819833
quotas	1818590
advising	1817755
reacting	1816504
dominates	1815880
gladly	1815828
mornings	1814711
curly	1813859
ceases	1813655
ducks	1812904
tasting	1810301
subway	1809853
breeds	1809329
spoiled	1809093
witnessing	1807941
trunks	1807752
enormously	1807160
nostalgia	1807137
arrogance	1807074
cheating	1804760
sneak	1803597
stereo	1801642
advisable	1800656
packaged	1794061
immensely	1792345
humorous	1789437
nickname	1788784
joking	1786210
ax	1784031
increment	1782770
hangs	1780507
drafts	1779674
bucks	1779594
regretted	1779544
remotely	1779139
charities	1777478
discard	1777429
portray	1777019
headlines	1775261
unhealthy	1774496
dice	1773925
mystic	1772465
squeezing	1770727
converter	1770409
prepares	1769121
comics	1768567
sings	1766377
brakes	1764505
nests	1764342
vacancy	1764327
trek	1762617
beforehand	1761952
rhyme	1761308
hairy	1761246
importing	1760959
exploits	1757952
contradict	1757242
distract	1756961
henceforth	1756792
richest	1755205
unsafe	1753448
invent	1752335
thankfully	1751222
mythical	1751007
plotting	1749782
tricky	1749166
devastated	1746664
acquires	1746161
assigns	1745420
blink	1745338
rag	1744479
guessing	1742969
postage	1742296
stumbling	1740586
menus	1739913
deriving	1739794
rotated	1738832
synonyms	1738248
kettle	1736396
forwards	1735969
wiring	1734542
alarming	1733697
proclaim	1732027
rebuilt	1731392
commenting	1731178
coined	1730537
marketed	1730252
intending	1730242
screwed	1727422
integers	1726935
caffeine	1724658
resorts	1724219
disagreed	1723201
signaled	1722294
explode	1721641
satire	1720994
criticize	1720715
messy	1719660
immoral	1719054
chop	1715279
showers	1714671
override	1714250
chunks	1714219
resign	1713668
tedious	1711707
zoom	1711339
forwarded	1709897
motivating	1708170
tangent	1707263
reconsider	1706733
stares	1704354
undo	1704061
impersonal	1703056
advocating	1702697
inhabit	1702198
discovers	1701432
gin	1701288
organizers	1700472
cupboard	1700417
annoyance	1700411
marvelous	1700321
speculate	1700181
sped	1698911
selects	1696200
isolates	1695161
announces	1694619
indulge	1694522
bytes	1693720
trapping	1691629
reliably	1691044
stereotype	1690125
pens	1689517
nesting	1688737
refine	1685379
caller	1684796
wed	1683814
usable	1683169
fuss	1683048
discs	1681609
dialects	1681274
dreaded	1678195
hates	1677662
completes	1674836
screws	1674688
progresses	1672423
numb	1671444
listings	1671073
exchanging	1670640
flute	1670409
chatting	1668980
reckoned	1667837
shortened	1666698
anyhow	1666195
jelly	1663548
rubbish	1662627
tread	1662332
composing	1660957
invade	1660537
branding	1659232
misses	1658022
reforming	1657848
forbid	1657634
frowning	1656218
fuse	1648039
analogue	1644653
guarding	1642377
chestnut	1641827
supporter	1641760
dentist	1640038
vanish	1640012
dominating	1639203
newcomers	1638787
figuring	1638116
catering	1637897
omissions	1637827
beers	1636398
diverted	1635047
beware	1633379
survives	1632701
slogan	1631570
behaving	1629163
eliminates	1628637
reassure	1628111
lyric	1626184
stacks	1625596
swam	1624486
crossroads	1622624
honorary	1620794
moan	1619736
biscuits	1619673
stale	1618014
baroque	1617617
finishes	1617497
guts	1617115
omit	1617011
booked	1616475
embedding	1615727
calculator	1614028
cynical	1612949
outgoing	1612919
barking	1609458
timer	1607583
newest	1607054
shaky	1606645
detectable	1606254
literate	1602149
jolly	1601479
underlined	1601184
slots	1600400
reassured	1599896
unbearable	1598918
geared	1598341
socket	1596146
royalties	1594606
collects	1593596
bothering	1592991
deduced	1592686
prompts	1592265
sealing	1591732
rumor	1589829
upgrading	1589771
char	1589440
timed	1588377
hideous	1586763
obligatory	1586271
triggering	1585879
boredom	1585444
mummy	1585278
atrocities	1584493
supervise	1584341
viewpoints	1582721
hardening	1582302
urgently	1581396
rounding	1580790
pudding	1580511
electorate	1578755
smokers	1577518
numeric	1577320
frogs	1576853
tunes	1576268
curing	1575467
novice	1575460
illegally	1575362
footnotes	1573284
mails	1573053
childish	1572737
clocks	1572372
bounce	1571625
extracting	1570589
mechanic	1570319
staggering	1569897
hanged	1569881
outrageous	1567447
paranoid	1564738
poisoned	1564674
corpses	1563233
vegetarian	1561649
moderation	1560857
perceiving	1560347
motto	1557154
jackets	1556588
insecure	1556475
invoking	1554831
favorites	1554457
functioned	1552814
charms	1552754
activating	1551786
barked	1550382
scanner	1549539
erase	1549271
incur	1549102
hasty	1549096
posing	1546804
clumsy	1546713
borderline	1546456
allegation	1545699
deprive	1545289
speeding	1544837
numbering	1543929
draining	1543604
nil	1542726
refreshing	1539603
endings	1538667
governs	1538395
overriding	1536002
petrol	1533670
dine	1532860
squash	1532265
rewrite	1531078
saga	1529893
capitals	1529708
paperback	1528377
justifying	1527087
undergoes	1526764
disliked	1525148
stressing	1523065
bankrupt	1521976
warns	1521806
cheat	1521024
attracts	1521005
blaming	1520702
degenerate	1520380
migrated	1520339
ingenious	1520301
skipped	1518810
vanishing	1517995
reversing	1517369
chew	1516255
bananas	1515784
recursive	1515509
sinks	1515409
bracket	1513597
escapes	1513363
carrot	1512787
starter	1511160
decoding	1510026
albums	1509982
cooks	1509041
scratching	1508695
destroys	1508085
approving	1507639
assists	1507218
tokens	1506574
disgusting	1506543
formulae	1506205
pitfalls	1505872
rattled	1505810
sprung	1504222
indexing	1502356
freak	1502311
surrounds	1501783
explosions	1501725
kidnapping	1500574
hobby	1500173
pint	1498465
chewed	1498158
precedes	1497968
wiser	1495400
heresy	1493485
intervened	1492588
dismissing	1492084
repent	1491911
postponed	1490407
connector	1489353
coloring	1489061
sacks	1488103
tidy	1487825
simplistic	1487018
salesman	1485981
pausing	1485904
reacts	1485010
pauses	1482513
amp	1481173
fireworks	1480152
repairing	1478767
quiz	1478010
interacts	1477100
leans	1476338
cursor	1474579
follower	1473962
chunk	1473379
gears	1473146
retiring	1473042
plagued	1471715
drawback	1471694
inhibiting	1470926
exits	1470416
invading	1469947
suffix	1469407
convict	1467548
frying	1466001
compile	1465060
stripping	1464489
detailing	1464182
shutting	1463721
feat	1461069
shortening	1458195
jest	1458056
compulsion	1456682
perverse	1453747
prostitute	1452063
prompting	1451823
corrupted	1448840
sighted	1448690
drown	1448579
commits	1448275
clone	1448165
assuring	1447433
glossy	1447163
glowed	1446898
anarchy	1445619
assembling	1445371
grabs	1438994
accuse	1438125
organizer	1437232
antisocial	1435890
originates	1435822
python	1434118
unifying	1433793
deserving	1432821
kidnapped	1432647
flaw	1432452
broadcasts	1432133
wrongly	1432083
revising	1431797
vacancies	1429141
graduating	1424186
halves	1423484
drains	1422081
prosecute	1418353
unofficial	1415198
willed	1414031
equip	1413217
ascended	1413197
prosecuted	1411448
grind	1411408
bulbs	1410984
clarifying	1410839
pigeon	1410149
impair	1409553
drip	1407054
subtly	1406648
gratefully	1406259
succeeds	1406004
rationally	1403201
consented	1401185
hinted	1400411
vile	1400384
disgusted	1398519
hysterical	1397150
offend	1396815
degrading	1396503
branded	1394717
provoking	1393779
lowers	1393752
partitions	1393088
preferring	1391657
starved	1389584
readable	1388954
attaching	1388589
delusion	1388252
amends	1386683
foreigner	1385858
raining	1385216
spokesman	1385211
populace	1384813
shedding	1382938
pinched	1381955
deem	1380682
browse	1379638
noses	1378386
tame	1376172
insults	1374971
byte	1374538
analyzes	1374377
shove	1374190
cheers	1374171
circa	1373775
authorizes	1372780
drawbacks	1372288
envelopes	1372039
midday	1371769
canceled	1371169
alters	1371138
theorems	1370856
lends	1370683
endlessly	1370677
addicted	1369373
pleasantly	1368355
doubles	1368127
versatile	1366339
fullest	1364827
wrongs	1364646
qualifies	1364361
precede	1364234
accusing	1362997
tabs	1361805
herring	1358849
exited	1358753
pops	1357938
dismal	1357879
punishing	1357259
overflow	1356953
lurking	1356562
awarding	1356048
blasted	1355048
whereupon	1353090
outdated	1352284
sane	1352165
crashes	1352123
initiates	1352080
vicar	1351645
upbringing	1348521
divert	1348373
clones	1346907
parody	1346135
verbally	1345827
cramped	1345021
jammed	1344859
debating	1343884
fluent	1341869
forcibly	1339024
evaluates	1337758
outlining	1337112
phoned	1336509
alarms	1336286
constrain	1333949
mileage	1333234
telephones	1332507
supposing	1330730
deserts	1330056
rattle	1329079
exposes	1328945
programmer	1326068
complicate	1325966
flushing	1325156
tack	1323007
unduly	1322716
unsuitable	1322365
regrets	1321921
dictator	1321301
fortnight	1320224
networked	1317218
bookstore	1316102
condom	1315473
pointless	1313061
pedal	1313044
optimizing	1312640
risked	1311684
clipped	1310795
advertise	1310730
diner	1310176
delights	1309603
initials	1309498
pronounce	1309411
interprets	1309243
enlarge	1308411
puzzling	1307884
blindly	1306489
kits	1305431
freeing	1305318
popping	1304295
sanity	1304253
justifies	1303952
betting	1303805
improbable	1303334
depressing	1303107
hack	1302605
inserts	1301988
shines	1301190
tutorial	1299881
readership	1299619
tackling	1298260
erased	1297749
dogma	1296317
padded	1295662
subsidized	1294592
singles	1291932
sheds	1291046
suitably	1288826
unpopular	1288145
cartoons	1287059
booking	1287025
physicist	1286670
bearded	1286364
activates	1286225
outraged	1285955
sects	1285899
desiring	1285743
defeating	1284919
dissimilar	1283972
booklet	1281473
hypocrisy	1281196
splits	1281073
toilets	1281006
perceives	1279895
filmed	1277204
filming	1276054
err	1275841
cosmology	1273426
misguided	1269409
adhered	1269335
concede	1268951
steered	1268457
behaves	1267895
concur	1267007
accords	1265832
scraps	1265670
joked	1265382
rampant	1264813
persecuted	1260327
fries	1259991
circulate	1253849
bends	1253115
grips	1252249
confine	1251877
submits	1250164
anecdotes	1250107
cozy	1249398
valuing	1246159
apologies	1244588
contrived	1244047
apologized	1243120
frivolous	1242559
undone	1241833
chemist	1241685
mixes	1241275
esoteric	1240580
allocating	1240404
slash	1239046
crowding	1237229
accents	1237060
puzzles	1234899
deterrent	1234698
demolished	1234539
downwards	1232814
stumble	1232570
polishing	1232502
scrolls	1232348
forgiving	1228257
politeness	1228056
listens	1227484
amazingly	1227313
resorted	1226935
appalling	1224817
excite	1222498
inflict	1221956
collapsing	1221381
awfully	1220642
slang	1219554
surname	1219525
transports	1219358
idiom	1219137
underlie	1219111
sabotage	1219095
downhill	1219003
logged	1218707
stair	1218170
witty	1218097
axioms	1217339
heartily	1217190
havoc	1215828
obscene	1215667
sarcasm	1213870
alias	1212540
biologists	1212206
swearing	1212122
bitten	1209873
theses	1209603
hog	1207915
axiom	1207345
defy	1207114
grossly	1206730
neglecting	1204771
kicks	1204298
expires	1204276
horrific	1203946
purge	1202640
deleting	1201896
advises	1201668
fallacy	1200753
physicists	1195967
jargon	1195716
despise	1195237
summing	1194261
delaying	1193458
honoring	1193316
infrequent	1191208
mania	1191056
truncated	1190401
abolish	1190261
precaution	1189235
libel	1189090
informally	1184272
mistakenly	1182739
reclaim	1181112
browsing	1180620
leach	1178922
deems	1177488
manned	1174666
forwarding	1173974
appalled	1172515
underline	1172296
migrating	1170747
skipping	1169372
hindsight	1169179
peanuts	1169092
aiding	1168373
integrates	1166627
handicap	1166544
smash	1166057
emulate	1166055
irritating	1166050
illiterate	1165838
ascend	1164159
unwelcome	1163979
puncture	1163703
refresh	1161855
liter	1161812
rewriting	1159844
insulted	1158493
favoring	1157555
sleeps	1156531
cheated	1156482
deduce	1155707
thanking	1155589
naughty	1153432
bastards	1152991
emptying	1152947
flipping	1151989
moaning	1151831
timetable	1151483
portrays	1150996
fashions	1149820
wondrous	1147439
comma	1145534
distort	1143272
unlock	1142312
appointing	1142287
fumes	1142167
hopelessly	1141990
outweigh	1139772
greasy	1138992
verifying	1138450
gig	1138277
twists	1138146
wraps	1137402
phased	1137130
addictive	1136783
misplaced	1136756
sequel	1136288
exploding	1135342
cassette	1131428
stupidity	1130602
rushes	1129416
warp	1129129
generalize	1127945
inspecting	1127349
imagines	1126558
tackled	1126553
rattling	1125974
freeway	1125228
reckoning	1124479
burying	1124424
sizing	1124148
mined	1123460
passwords	1122430
postpone	1122103
thrusting	1122101
zeros	1121928
muttering	1121851
offsetting	1121678
wakes	1120698
encode	1119775
expire	1119227
evolves	1118225
cumbersome	1116923
mortals	1116166
nailed	1113803
normality	1113775
unbiased	1113376
exhausting	1113132
crunch	1112769
terminates	1112698
dedicate	1111855
arresting	1111747
starring	1107452
casing	1104819
radios	1104786
marginally	1101838
stuffing	1101019
hugely	1100367
leaflets	1099404
restricts	1099228
frighten	1099158
trilogy	1096920
clipping	1095865
assesses	1094191
fooled	1093898
interfered	1092629
rung	1092591
complains	1092476
paranoia	1090806
disclaimer	1090389
dialed	1089377
brightest	1088793
underlies	1088668
dreary	1088308
ripping	1088189
forbidding	1087878
fined	1087655
noticeably	1087489
adapter	1086413
afternoons	1085676
disconnect	1084044
graffiti	1083449
lain	1083327
blasting	1083273
prolong	1082203
spurious	1080931
sponsoring	1080157
choral	1080140
negotiable	1080098
clashes	1079969
resolves	1078792
injure	1078556
buffers	1077734
dishonest	1077193
inventing	1077193
wrecked	1076493
fished	1076487
assures	1074277
obscurity	1073865
operas	1073751
routed	1073654
banning	1072944
upgraded	1072940
cater	1072697
cider	1070973
bacterium	1070124
sod	1069532
slows	1069404
bets	1068503
gathers	1067002
rained	1066663
insulting	1064096
risking	1063953
retrieving	1062614
relieving	1062340
settles	1061685
cartridge	1061252
antidote	1060596
pointers	1060289
bicycles	1058677
paraphrase	1057993
donate	1057887
degrade	1055413
spitting	1053659
incoherent	1052893
racks	1051877
parrot	1050620
downright	1049342
invokes	1048726
postulate	1047751
emit	1047518
postcard	1044802
pleases	1044707
defaults	1044326
horribly	1043962
specialize	1043399
horrid	1042143
calculates	1040817
wont	1038854
unbalanced	1037909
shorthand	1037637
synonym	1037032
hacking	1036135
blanks	1036065
celebrates	1035189
rewritten	1034084
publicized	1032707
cures	1031638
climbs	1030962
inject	1030871
revert	1029795
mounts	1029403
humbly	1028936
cruising	1028605
anecdote	1028391
exiting	1028145
concerto	1026983
competed	1024896
apathy	1024804
trolley	1024316
launches	1024292
happiest	1024216
resent	1021901
simulating	1021052
indulged	1020486
persuading	1019346
uniting	1016939
awaits	1015596
fixes	1014410
acronym	1012532
addicts	1011951
floats	1010824
approves	1010356
sympathies	1009723
vacations	1008766
assorted	1008239
vomit	1007019
chatted	1006948
shorten	1006724
soles	1006406
adhering	1005192
baffled	1003517
newcomer	1002784
hasten	1002663
refute	1000970
isolating	1000786
attends	1000758
catalogs	998292
condemning	998214
concealing	997423
farthest	996541
blatant	996095
biscuit	995996
chemists	993178
fonts	992908
incline	992825
sockets	992791
infantile	992784
elevators	992604
prejudiced	992423
addict	991914
someplace	991375
ghastly	991184
poke	991113
starve	991019
disable	988739
sarcastic	988516
widest	987367
fluffy	987208
sneaking	986787
overwhelm	986727
hating	986026
interferes	985502
earns	984332
aligning	983959
repulsive	982102
moons	980422
messed	979051
equate	978879
lunchtime	978480
plugged	977752
wetting	977271
overcame	976817
wren	976518
cleaners	976361
multiples	974371
mailbox	973188
punching	972172
spoils	969765
quieter	968375
upsetting	967464
mains	966362
vanishes	966277
trifle	963205
bombed	961364
recycle	959727
allege	959652
woken	958232
executes	957269
originals	953936
forbade	953485
compiling	953153
snail	953035
overdue	951467
detects	951429
workable	950319
upgrades	949870
descends	948936
mend	948759
opposes	947227
dashing	945202
cant	943633
safest	943085
enclosing	940663
obeying	940458
modifies	940311
barring	938553
inquiring	938284
toad	937221
dole	935964
disabling	935483
confronts	932907
defeats	929157
consumes	928975
bog	928929
sweeps	927831
designates	927754
inspires	927674
whim	926957
shutdown	926409
oblige	926006
welcomes	926000
alleges	925748
dined	925572
slicing	925252
restart	924949
untrue	923865
motivates	922857
circuitry	922001
clearest	920525
convicts	920406
galactic	920215
smashing	919013
idealistic	918437
unwise	916989
spotting	912926
refreshed	912246
syndicate	911951
quitting	911071
transmits	909313
sustains	909195
springing	909113
smug	908691
organizes	906193
hazy	906112
rendition	905148
sniff	905068
charmed	904858
pun	903518
misled	903197
hacker	902784
slag	899000
stamping	898875
unlucky	898534
throats	898491
culprit	897318
offsets	896250
miserably	895476
nameless	895001
collapses	894659
tempt	894218
fiddle	889779
extraneous	889434
eminently	889194
conflicted	888682
swamps	888007
insidious	887651
harden	887017
renewing	886947
solves	886462
manifestly	885947
usefully	881594
reverses	881409
lark	880558
basing	877383
parochial	877235
enclose	876707
undefined	876048
photocopy	875969
swaps	875786
scratches	873403
caveat	871970
gleaned	871909
plastered	870459
defends	869295
opus	868944
wrapper	867313
devising	866717
blackmail	866613
absorbs	865914
datum	865822
padding	862811
lumps	862267
attentions	861526
disappoint	861017
clarifies	860808
redefine	860323
typewriter	856699
abusing	855812
verbatim	854583
plugs	854189
lunatic	853331
racket	852343
halting	851804
singularly	850153
lousy	849065
chaps	849058
reinstated	846628
murdering	846064
starters	844278
biologist	842490
beginner	841044
debugging	840868
floppy	839692
clears	839273
redefined	838453
chopping	838049
hires	834684
poisons	833337
extremist	832768
postscript	832385
encodes	830422
atheism	828965
pursues	828790
chops	827473
amuse	826777
nominally	826650
starred	826442
disposing	824870
computes	822290
leaflet	822163
confining	821679
portraying	819902
sloppy	818921
dripped	818707
knocks	818484
resumes	817987
atheist	817510
classed	816560
gutter	815683
nominate	813942
numerals	813082
cryptic	812977
appended	812641
cartridges	812195
duff	811266
unites	811144
interacted	810869
undoing	810183
interrupts	809100
ludicrous	808745
cruises	808289
rotates	806204
marries	805700
sundry	803982
blasts	803427
punches	802363
redirect	801843
arcade	801736
cramps	799533
compress	796221
undertakes	794711
electing	793323
instructs	792913
inflexible	792743
cheapest	792668
messing	791857
prescribes	788835
siding	788707
astronomer	788631
rectify	787532
mugs	785407
resorting	783344
abnormally	782999
embarrass	782587
swallows	782435
pours	780052
washes	779016
omitting	777948
thrusts	777732
underlines	777545
elects	776964
sentient	776682
vans	773994
negate	773182
farce	771620
nicer	770809
exaggerate	770292
disco	769041
hilarious	768899
excepting	768393
solicitors	767010
unfounded	766494
locates	766330
pence	765425
beginners	763267
dived	762926
boils	762577
reread	762356
formatted	761592
orchestral	761274
wasteful	758741
stunt	756696
forgets	755851
smoker	754953
unload	754885
queues	753368
soundtrack	752946
moans	751069
finalized	750986
subtlety	750146
obstructed	749961
adjusts	748292
reproduces	746299
sock	745372
postmaster	742897
redefining	742157
headers	742073
lecturers	735202
forbids	733985
pennies	731704
takers	730909
phrasing	729057
oar	724147
originator	723667
etymology	723036
idiots	720624
depriving	720540
distorting	717940
obstruct	717749
vending	716032
replying	715291
embed	714531
extras	712931
mindless	712171
suspending	711306
finals	709950
parsing	707187
sufferers	707152
mislead	707116
unfriendly	707109
situate	706759
conceiving	706017
eyesight	705540
overloaded	705367
rearranged	704663
minimalist	703990
sexist	699628
orientated	699541
haircut	699379
massively	698513
backlog	698160
guesses	697816
restores	696222
legible	695828
cheaply	693917
simplifies	693450
enlarging	693094
inhabiting	691920
furthest	691350
congested	690250
blackboard	690229
reiterate	689191
centering	689031
lectured	688252
indulging	687856
muck	687245
overtones	687245
debatable	687202
bans	686947
yawn	686849
lecturing	686192
hunts	685109
whistles	684986
sickening	684264
censor	684031
prays	683634
infallible	682453
incurring	681621
sordid	680366
primitives	680353
lorry	679294
horde	678619
mutter	678461
excepted	678295
emulation	675862
plagues	674727
opting	674202
mediums	672445
debug	671971
subjecting	671778
counsels	671666
porters	670423
sacked	669929
ploy	669919
painless	668410
warped	667492
diverting	666115
tailoring	663750
unify	662965
ceasing	662770
asterisk	662635
tiring	662448
fulfills	661877
overlooks	661736
invalidate	660357
damnation	659360
executable	658731
hordes	657452
prefixes	657268
breathes	657137
strangest	653733
compels	651773
outcry	651115
tome	650588
separator	650425
furry	649782
heaviest	648249
derogatory	647907
worded	647906
suppresses	646871
criticizes	646711
ruining	645355
obnoxious	644932
scheduler	644870
ringed	643868
accesses	643030
rename	642397
hacked	639742
sighting	639128
keyed	636688
tins	635078
elitist	633671
hackers	633040
censored	632640
obtainable	632171
mists	632110
clique	631519
vandalism	630124
eater	629024
ugh	628344
illogical	626956
unattended	626911
enlighten	626867
patched	625883
envisage	625528
dares	625327
reserving	624796
believable	624390
overcomes	623750
forgave	622991
rearrange	621794
complacent	621676
discarding	621169
shuts	621149
recovers	621075
expiry	620845
scum	620689
horrifying	619594
pharmacies	619028
heats	618927
omits	618413
saddened	617259
taker	616881
sensibly	615763
detach	614953
trendy	614666
condemns	613525
wedded	612458
custard	610703
wipes	610259
notifying	610067
decode	608852
initialize	608559
annoy	607775
faintest	605300
dives	605085
pant	605044
seconded	603342
detract	603181
steals	602289
banal	601845
novices	601479
fooling	600640
mistaking	599467
dislikes	598949
devoting	596870
bogus	596328
aborted	595716
jams	595545
consents	595511
inhabitant	594833
commas	594526
devious	593945
pretends	593120
roundabout	592660
pinching	589667
devotes	589467
pompous	588980
digs	588723
cassettes	587032
bookshop	584197
barrister	581395
bash	580924
flagged	580266
terminally	580098
frees	579841
fudge	579740
horrendous	579331
wisest	578087
provokes	577637
dumps	576806
hangover	576616
phrased	576570
fashioning	576245
buffered	574175
freezes	574035
screwing	573435
laziness	573424
populate	572224
acronyms	570089
tiresome	568266
fairer	568012
frustrate	567016
cuckoo	566821
abolishing	564891
paging	564594
campaigned	564008
presumes	562675
catered	562291
aligns	561690
injuring	560975
archived	560966
unhelpful	557854
invert	556942
lenient	556879
startle	555900
primes	554947
wading	554790
parse	554404
gratuitous	553954
corrects	553421
loader	553298
mending	553015
quickest	551904
supposes	551428
atheists	551246
fender	549843
buffering	549530
withdraws	548849
bothers	548472
merges	548157
dismisses	546939
obeys	546692
revolts	545227
sufferer	545096
classifies	544763
smelly	543060
mangled	542016
checker	541586
plugging	541189
suspecting	541114
entitle	540786
duplicates	540657
borrows	540474
blatantly	540468
recursion	539976
phasing	539755
reinstate	538929
disagrees	538249
nominating	537646
automate	537641
wanders	537474
scares	537104
typeset	537089
kidnap	536189
hassle	535659
conceives	534855
sneaked	533477
jamming	532985
mans	532418
weekday	532333
stirs	532254
resuming	531887
motorway	531704
overheads	530346
swapping	528513
mnemonic	527650
drags	525857
acorn	525462
suing	525158
beards	525050
impairs	524652
cools	522005
damning	521809
accuses	520500
inherits	519987
queuing	519948
arranges	519117
dries	518642
sympathize	518173
unlocking	517854
weasel	516310
abort	516055
obscuring	516042
obscures	515738
neglects	515660
bigotry	515634
adapts	513292
counseled	513269
crunching	511227
rout	510280
muddled	510008
adheres	509636
blames	509269
subtleties	508314
teapot	507587
pints	506193
undid	505739
remarking	505614
nicest	505403
edits	505242
incurs	505209
atrocity	505165
rave	504145
arcane	503948
consenting	503622
waded	502152
clothe	500257
spellings	499880
civilizing	499509
mended	499165
donating	498929
rarer	498271
conceals	497839
rectified	497694
spoiling	497119
steers	494746
dashes	492649
lurked	492033
relieves	491757
swamped	490653
obliging	489577
onus	489023
rumored	488853
blob	487705
orienting	487187
numeral	484635
ditto	483447
sweats	482681
abandons	482211
objecting	480678
faucet	480408
notifies	479984
corrupting	479082
scaring	478698
archiving	476832
timescale	476662
gearing	475654
cleanly	475349
enforces	474593
toggle	473217
keyboards	473215
pizzas	473098
egos	473076
snag	471207
cyclists	470158
deranged	470001
compilers	468924
erasing	468840
hinting	468445
relaxes	467630
frowns	467110
terse	466026
hooking	465940
depress	465916
inhabits	465191
goody	464241
constrains	463989
dialing	463753
wrappers	463700
flips	462038
appoints	461215
spout	461154
demented	459201
unsound	458515
daft	458153
barks	457892
rant	456818
allocates	455977
competes	455612
freaks	455254
bitmap	454787
dreading	453229
scrolling	452656
intervenes	450909
smokes	450540
oppress	450479
retract	450143
raving	447286
arming	446869
verifies	446749
append	446735
explodes	445901
expiring	445683
bracketed	445168
swapped	442086
spares	441640
revolting	441319
unreadable	441034
publicize	440246
prolonging	439819
regretting	439602
revolted	439294
outweighs	439059
lightest	439029
mainframe	439012
goodies	438943
tacked	438815
alphabetic	438559
rereading	438149
squashed	437780
irritate	437014
equipping	436570
stagger	436374
infecting	435946
hypocrite	434981
expressway	434851
fiddling	434525
optionally	433898
idiotic	433536
censors	431365
distorts	431259
untidy	429579
subsidize	429566
ergo	428680
goldfish	426046
muddle	425753
winded	425503
demolish	423681
minding	422593
trusty	422385
disguises	422191
subroutine	422165
sneaky	422019
arguable	420577
fussy	420466
overrides	419422
cramp	418550
finalize	416666
warms	415958
squeezes	415311
loudest	414890
renaming	413050
gnome	412618
decoded	412429
nicknames	411081
printout	410842
simulates	410542
inaccuracy	409064
rabid	408348
needlessly	406288
lager	405523
spool	403733
glean	401059
bogs	400958
swears	400952
excites	400441
canceling	400384
symphonies	400341
retrieves	398175
disturbs	397810
invades	396268
dials	395705
trivia	395117
overridden	394581
quits	394484
repeatable	394438
situating	394177
chats	393843
inverting	393633
degrades	393208
bogged	393149
crossword	391866
fairest	389895
condense	389843
shined	389205
dumpster	389058
baffling	389002
loophole	388815
sickened	388501
upsets	388405
crunched	387699
deletes	386511
indent	385648
entitles	385586
tailors	385287
condensing	384565
ascends	383072
cumming	382053
deprives	381748
trouser	379300
cobbler	378267
resigning	377938
wrecks	377722
mistook	377301
tackles	376425
presuming	374585
leaved	374091
persecute	373565
spits	372195
irate	372163
fume	369994
gullible	368895
condone	367144
slowest	365688
hardback	365398
cabling	365215
apathetic	365108
circulates	364742
mumble	361344
lavatory	359365
postponing	358594
retires	357495
empties	357119
confuses	356596
cramping	354438
compresses	352538
rips	351500
inheriting	350371
envisages	350213
squaring	349432
impairing	348318
situates	347536
wrecking	347192
monochrome	345234
terminator	343090
patching	342440
factually	342006
fiddled	342000
drips	341459
misread	340768
punt	340079
moron	339082
stumbles	338693
crass	338649
chases	338202
tolerating	338035
lurk	337967
fewest	337699
warping	336150
convinces	334272
amaze	333754
putt	333567
swims	333164
scrapped	331700
glows	331552
cleans	330658
unusable	329989
mutters	329716
supervises	329381
cynic	329120
prefixed	328202
multiplies	327797
advert	327541
tasteless	327168
overdraft	327010
disposes	326092
flagging	325873
consults	325284
nailing	323257
obliges	322733
cruised	322506
fainter	322404
cancels	322047
stun	322016
bashing	321405
keying	321369
pitfall	321052
lurks	320186
whoop	320132
vouch	319018
extents	316760
narrowest	316738
scrolled	316703
puns	316403
coped	316225
crossroad	315941
cycled	315859
apostrophe	315028
hes	314225
preaches	312498
rend	312459
lorries	311882
restarted	310961
eraser	307251
contrive	306867
rarest	306167
negotiates	305211
skips	305087
aliases	304946
cyclist	304661
misreading	303063
rewrote	302883
qualifier	302632
encloses	302551
rattles	300096
punishes	299921
biasing	299253
powering	297809
resetting	296730
collated	295470
imprison	294604
outrages	294271
disguising	294270
messes	294055
bandwagon	293798
installs	292352
shopped	291954
censoring	291101
forgives	291056
garbled	290285
fallacious	290079
debugger	288972
enlarges	287384
underlay	285877
clog	285676
automating	285605
sues	284055
baffle	283057
rending	282606
infects	282246
ranting	282165
funniest	281696
crawls	281402
hyphen	280922
stuffs	280878
lisp	279849
patronized	279087
inquires	279072
bracketing	278538
dedicating	277214
sacking	276916
leaded	276428
halts	275405
waffle	274912
blesses	274452
compiles	273490
barristers	273410
impressing	272279
phoning	270980
discards	270889
caters	270306
assembles	267912
unworkable	267280
cheats	263438
invents	262992
changeover	262777
bores	260090
tidying	259623
pedantic	258671
deserting	257305
offhand	256006
grands	255177
flushes	255025
separators	253555
opts	251389
migrates	251211
offends	250786
hacks	249875
reckons	248854
crushes	248437
overwhelms	247545
asterisks	246938
inclines	246418
gibberish	246241
rectifying	245884
resigns	245253
chucked	243641
overpriced	243080
parsed	241919
scatters	241782
tolerates	241270
suspends	240800
dons	239467
pronounces	239464
frightens	237919
composes	237841
deeming	237336
ridding	237039
bookshops	237010
exhausts	236587
abysmal	236285
persuades	236204
ported	235887
tidied	235436
coining	235149
entertains	234950
terrify	234651
delighting	233413
advertises	231905
emulator	231697
adverts	231218
physic	229376
nicked	229218
convicting	228976
assembler	228954
shortens	227498
trivially	226231
inane	225666
freeways	224556
turntable	224361
truncate	224160
crisps	223898
revises	223850
detaching	223215
finalizing	222699
renews	222688
halve	221418
condenses	219310
printouts	217907
jellies	216731
hardens	213846
whoops	212426
tacks	212327
pinches	210891
bashed	209813
injures	208726
impresses	206028
cabled	205548
entitling	205133
patronize	204395
verbose	204175
queued	202983
bigoted	202910
qualifiers	201697
anyplace	201340
erases	201176
restarting	200798
prolongs	200148
grinds	199285
inspects	198756
snobbery	198305
plaguing	198044
raved	194134
corrupts	193024
waked	192836
unread	192075
distresses	191652
baffles	191475
devises	190888
unlocks	190610
chews	190097
unifies	190078
tacking	189619
inverts	189357
fascinate	188534
hideously	187672
distracts	187435
subways	186796
paged	186782
overrode	185630
rewrites	185421
buries	185248
rephrase	185143
inclining	184734
tempts	183617
smallish	182202
populating	181788
staggers	180903
optimizes	180746
reassures	178925
founds	178821
embeds	178517
percents	177508
motorways	176965
browsed	176731
scrapping	176612
cased	176381
diverts	176164
refines	176037
obstructs	175234
dedicates	174309
cleanest	173104
spoof	172861
devastate	172567
cuddly	171827
depresses	171101
keystrokes	169979
dotting	169897
restrains	169102
cannot	168726
nicks	168272
resets	168005
quibble	167262
plastering	166799
educates	165786
bobs	165501
fenders	164959
bigot	164861
oppressing	164448
sneaks	163950
drowns	163535
indulges	163512
apologizes	163497
orients	162316
porting	160844
plotter	160060
disables	159625
herrings	158228
abolishes	157386
blurb	156562
collate	156552
frustrates	155266
configures	155255
underlain	155193
rants	154102
dreads	154022
baud	153791
disliking	153240
ranted	152831
obsessing	152298
keystroke	150725
funnier	150564
redefines	150012
copes	148478
dustbin	147083
swum	145907
deducing	145731
amazes	145413
basses	145045
donates	144768
annoys	144521
overtone	144274
fining	143992
spigot	143942
interfaced	141814
accustom	140586
cleverer	140562
raves	140360
irritates	138744
megabytes	138702
fizzy	138360
cleverest	137957
appending	136875
firework	136476
obsess	136470
collating	136019
smashes	135282
inputting	134811
gleaning	133789
civilize	132563
abbreviate	132420
fascinates	132370
quietest	131809
fiddles	131462
warps	130480
internals	129883
pacifier	129506
plasters	128909
morons	128839
mucking	126532
restarts	124875
weasels	124132
bakes	124125
fatuous	123631
lightnings	122995
anagram	122310
startles	120206
wrecker	118953
undoes	118745
equips	117883
muddling	117208
amuses	116861
overloads	116325
suiting	115495
dines	114563
refreshes	113655
envisaging	113475
mangle	113284
pedantry	112159
mainframes	111406
windowing	111145
tactless	109293
contriving	108884
chucking	107561
detaches	107330
drivel	106570
crunches	105914
terrifies	105617
orientate	104915
yeti	104180
wets	103934
polishes	103746
squashing	102725
oppresses	101909
weds	99791
recycles	98525
parses	98446
deduces	98092
evens	96497
appends	95587
sicken	94653
enlightens	91817
soonest	88715
shelve	88693
swamping	88590
aborting	88485
fiver	87991
backspace	87780
squashes	87473
rearranges	86213
truncating	85543
cobblers	84074
pedant	83852
kidded	83785
slighter	83471
chars	82924
evened	82901
decodes	82650
wombat	82242
putts	80878
automates	79933
postpones	79606
misleads	79100
chucks	78836
tripos	77897
trashcan	76111
costed	75810
nominates	75231
dooms	74391
overlong	73679
nastier	73674
nicking	72870
metros	71939
subsidizes	70910
billfold	70767
rebuilds	70197
contrives	69886
delimiters	69611
anorak	69607
populates	68082
saddens	65905
misprint	64796
nastiest	64463
vend	63893
inputted	63546
aborts	62541
silliest	62244
megabyte	61350
reformat	60908
mends	60399
thous	60081
imprisons	60037
emulators	59872
teared	59604
grosses	57676
punts	55550
disgusts	55505
prefixing	55196
sickens	54801
addicting	54668
mangling	54481
starves	54326
unset	54022
renames	53595
reinstates	53507
aardvark	53069
payed	51121
graffito	51095
sadden	50145
wades	49687
terming	49434
rids	49247
boggles	48692
excepts	48125
rends	47919
kidnaps	47726
classing	47651
horrify	46566
mucked	46545
seconding	46092
saddening	45816
stuns	45731
prosecutes	45654
misplace	45063
demolishes	43813
sillier	43737
muddles	42137
boggle	41886
pedants	40138
debugged	40127
dooming	38876
misreads	38059
mangles	37782
routs	37535
truncates	37419
misdirect	35933
damns	35647
putted	34923
persecutes	34272
devastates	33997
misplacing	33939
livest	32858
spitted	32679
destine	31811
pended	30873
bashes	30853
collates	29974
anoraks	29744
practicals	29429
finalizes	28885
rectifies	28601
browses	28106
rereads	27571
outraging	27187
garble	26390
obsesses	26358
publicizes	24263
infelicity	24084
appall	23750
gleans	23730
derange	23640
horrifies	23510
bogging	23206
ashcan	22439
tidies	20848
orientates	19832
pends	18996
garbling	18784
assort	18581
flied	18039
misguide	17639
cums	17096
vended	16912
thieve	16099
mucks	16090
patronizes	15627
congest	14944
appalls	14044
destines	13638
impended	13218
wive	12646
accustoms	12188
misguiding	11384
misplaces	10874
assorting	10503
deranging	9924
impend	9575
bearding	9009
impends	8159
congesting	8155
misdirects	8055
hided	7468
destining	7388
vends	7339
modelings	5696
overprice	5616
garbles	5591
deranges	5543
opuses	5320
civilizes	5172
debugs	4941
previewer	4503
misguides	3278
congests	2968
goldfishes	2483
typesets	2265
assorts	2106
rumoring	1649
flawing	1392
overprices	1038
travelings	872
numbest	430
dialings	396
